-- phpMyAdmin SQL Dump
-- version 3.1.5-rc1
-- http://www.phpmyadmin.net
--
-- 主机: localhost
-- 生成日期: 2015 年 10 月 30 日 13:04
-- 服务器版本: 5.5.27
-- PHP 版本: 5.4.6

SET SQL_MODE="NO_AUTO_VALUE_ON_ZERO";


/*!40101 SET @OLD_CHARACTER_SET_CLIENT=@@CHARACTER_SET_CLIENT */;
/*!40101 SET @OLD_CHARACTER_SET_RESULTS=@@CHARACTER_SET_RESULTS */;
/*!40101 SET @OLD_COLLATION_CONNECTION=@@COLLATION_CONNECTION */;
/*!40101 SET NAMES utf8 */;

--
-- 数据库: `verygood`
--

-- --------------------------------------------------------

--
-- 表的结构 `vg_admin`
--

CREATE TABLE IF NOT EXISTS `vg_admin` (
  `adminid` smallint(6) unsigned NOT NULL AUTO_INCREMENT,
  `userid` int(10) unsigned NOT NULL DEFAULT '0',
  `listorder` smallint(4) unsigned NOT NULL DEFAULT '0',
  `title` varchar(30) NOT NULL DEFAULT '',
  `url` varchar(255) NOT NULL DEFAULT '',
  `style` varchar(50) NOT NULL DEFAULT '',
  `moduleid` smallint(6) NOT NULL DEFAULT '0',
  `file` varchar(20) NOT NULL DEFAULT '',
  `action` varchar(255) NOT NULL DEFAULT '',
  `catid` varchar(255) NOT NULL DEFAULT '',
  PRIMARY KEY (`adminid`)
) ENGINE=MyISAM  DEFAULT CHARSET=utf8 COMMENT='管理员' AUTO_INCREMENT=11 ;

--
-- 导出表中的数据 `vg_admin`
--

INSERT INTO `vg_admin` (`adminid`, `userid`, `listorder`, `title`, `url`, `style`, `moduleid`, `file`, `action`, `catid`) VALUES
(1, 1, 0, '生成首页', '?action=html', '', 0, '', '', ''),
(2, 1, 0, '更新缓存', '?action=cache', '', 0, '', '', ''),
(3, 1, 0, '网站设置', '?file=setting', '', 0, '', '', ''),
(4, 1, 0, '模块管理', '?file=module', '', 0, '', '', ''),
(5, 1, 0, '数据维护', '?file=database', '', 0, '', '', ''),
(6, 1, 0, '模板管理', '?file=template', '', 0, '', '', ''),
(7, 1, 0, '会员管理', '?moduleid=2', '', 0, '', '', ''),
(8, 1, 0, '单页管理', '?moduleid=3&file=webpage', '', 0, '', '', ''),
(9, 1, 0, '排名推广', '?moduleid=3&file=spread', '', 0, '', '', ''),
(10, 1, 0, '广告管理', '?moduleid=3&file=ad', '', 0, '', '', '');

-- --------------------------------------------------------

--
-- 表的结构 `vg_announce`
--

CREATE TABLE IF NOT EXISTS `vg_announce` (
  `itemid` int(10) unsigned NOT NULL AUTO_INCREMENT,
  `typeid` int(10) unsigned NOT NULL DEFAULT '0',
  `areaid` int(10) unsigned NOT NULL DEFAULT '0',
  `level` tinyint(1) unsigned NOT NULL DEFAULT '0',
  `title` varchar(100) NOT NULL DEFAULT '',
  `style` varchar(50) NOT NULL DEFAULT '',
  `content` text NOT NULL,
  `hits` int(10) unsigned NOT NULL DEFAULT '0',
  `addtime` int(10) unsigned NOT NULL DEFAULT '0',
  `fromtime` int(10) unsigned NOT NULL DEFAULT '0',
  `totime` int(10) unsigned NOT NULL DEFAULT '0',
  `editor` varchar(30) NOT NULL DEFAULT '',
  `edittime` int(10) unsigned NOT NULL DEFAULT '0',
  `islink` tinyint(1) unsigned NOT NULL DEFAULT '0',
  `linkurl` varchar(255) NOT NULL DEFAULT '',
  `listorder` smallint(4) unsigned NOT NULL DEFAULT '0',
  `template` varchar(30) NOT NULL DEFAULT '',
  PRIMARY KEY (`itemid`),
  KEY `addtime` (`addtime`)
) ENGINE=MyISAM DEFAULT CHARSET=utf8 COMMENT='公告' AUTO_INCREMENT=1 ;

--
-- 导出表中的数据 `vg_announce`
--


-- --------------------------------------------------------

--
-- 表的结构 `vg_articles`
--

CREATE TABLE IF NOT EXISTS `vg_articles` (
  `id` int(11) NOT NULL AUTO_INCREMENT,
  `cid` int(11) NOT NULL DEFAULT '0',
  `name` varchar(60) NOT NULL DEFAULT '',
  `content` text NOT NULL,
  PRIMARY KEY (`id`)
) ENGINE=MyISAM  DEFAULT CHARSET=utf8 AUTO_INCREMENT=6 ;

--
-- 导出表中的数据 `vg_articles`
--

INSERT INTO `vg_articles` (`id`, `cid`, `name`, `content`) VALUES
(1, 1, 'this article of php1', 'php content1'),
(2, 1, 'this article of php2', 'php content2'),
(3, 2, 'this article of jsp', 'jsp content'),
(4, 3, 'this article of asp1', 'asp content1'),
(5, 3, 'this article of asp2', 'asp content2');

-- --------------------------------------------------------

--
-- 表的结构 `vg_article_21`
--

CREATE TABLE IF NOT EXISTS `vg_article_21` (
  `itemid` bigint(20) unsigned NOT NULL AUTO_INCREMENT,
  `catid` int(10) unsigned NOT NULL DEFAULT '0',
  `areaid` int(10) unsigned NOT NULL DEFAULT '0',
  `level` tinyint(1) unsigned NOT NULL DEFAULT '0',
  `title` varchar(100) NOT NULL DEFAULT '',
  `style` varchar(50) NOT NULL DEFAULT '',
  `fee` float NOT NULL DEFAULT '0',
  `subtitle` text NOT NULL,
  `introduce` varchar(255) NOT NULL DEFAULT '',
  `tag` varchar(100) NOT NULL DEFAULT '',
  `keyword` varchar(255) NOT NULL DEFAULT '',
  `pptword` varchar(255) NOT NULL DEFAULT '',
  `author` varchar(50) NOT NULL DEFAULT '',
  `copyfrom` varchar(30) NOT NULL DEFAULT '',
  `fromurl` varchar(255) NOT NULL DEFAULT '',
  `voteid` varchar(100) NOT NULL DEFAULT '',
  `hits` int(10) unsigned NOT NULL DEFAULT '0',
  `thumb` varchar(255) NOT NULL DEFAULT '',
  `username` varchar(30) NOT NULL DEFAULT '',
  `addtime` int(10) unsigned NOT NULL DEFAULT '0',
  `editor` varchar(30) NOT NULL DEFAULT '',
  `edittime` int(10) unsigned NOT NULL DEFAULT '0',
  `ip` varchar(50) NOT NULL DEFAULT '',
  `template` varchar(30) NOT NULL DEFAULT '0',
  `status` tinyint(1) NOT NULL DEFAULT '0',
  `islink` tinyint(1) unsigned NOT NULL DEFAULT '0',
  `linkurl` varchar(255) NOT NULL DEFAULT '',
  `filepath` varchar(255) NOT NULL DEFAULT '',
  `note` varchar(255) NOT NULL DEFAULT '',
  `aaaa` varchar(255) NOT NULL,
  `bbbb` varchar(255) NOT NULL,
  `www` varchar(255) NOT NULL,
  PRIMARY KEY (`itemid`),
  KEY `addtime` (`addtime`),
  KEY `catid` (`catid`),
  KEY `username` (`username`)
) ENGINE=MyISAM  DEFAULT CHARSET=utf8 COMMENT='资讯' AUTO_INCREMENT=4 ;

--
-- 导出表中的数据 `vg_article_21`
--

INSERT INTO `vg_article_21` (`itemid`, `catid`, `areaid`, `level`, `title`, `style`, `fee`, `subtitle`, `introduce`, `tag`, `keyword`, `pptword`, `author`, `copyfrom`, `fromurl`, `voteid`, `hits`, `thumb`, `username`, `addtime`, `editor`, `edittime`, `ip`, `template`, `status`, `islink`, `linkurl`, `filepath`, `note`, `aaaa`, `bbbb`, `www`) VALUES
(1, 4, 0, 0, '真坏', '', 0, '', 'rtyeterterterte', '', '真坏,新闻', 'O1:红色;', '', '', '', '', 3, '', 'destoon', 1412918991, 'destoon', 1415836928, '127.0.0.1', '', 2, 0, 'show.php?itemid=1', '', '', '', '', ''),
(2, 4, 0, 0, 'sfsdfsdf', '', 0, '', 'fdsfsdfsdfsdfsdfsd', '', 'sfsdfsdf,新闻', 'O1:红色;', '', '', '', '', 0, 'http://www.d.com/file/upload/201411/13/15-21-01-62-1.jpg', 'destoon', 1415863216, 'destoon', 1415863460, '127.0.0.1', '', 3, 0, 'show.php?itemid=2', '', '', '', '', ''),
(3, 4, 0, 0, 'rgrfrfsdfsd', '', 0, '', '14144650317877.xls', '', 'rgrfrfsdfsd,新闻', 'O1:红色;', '', '', '', '', 0, '', 'destoon', 1415865036, 'destoon', 1415865084, '127.0.0.1', '', 3, 0, 'show.php?itemid=3', '', '', '', '', '');

-- --------------------------------------------------------

--
-- 表的结构 `vg_article_data_21`
--

CREATE TABLE IF NOT EXISTS `vg_article_data_21` (
  `itemid` bigint(20) unsigned NOT NULL DEFAULT '0',
  `content` longtext NOT NULL,
  PRIMARY KEY (`itemid`)
) ENGINE=MyISAM DEFAULT CHARSET=utf8 COMMENT='资讯内容';

--
-- 导出表中的数据 `vg_article_data_21`
--

INSERT INTO `vg_article_data_21` (`itemid`, `content`) VALUES
(1, 'rtyeterterterte<br type="_moz" />'),
(2, '<img width="400" height="300" src="http://www.d.com/file/upload/201411/13/15-24-04-97-1.jpg" alt="" />fdsfsdfsdfsdfsdfsd<br type="_moz" />'),
(3, 'fsdfsdfsd<br />');

-- --------------------------------------------------------

--
-- 表的结构 `vg_category`
--

CREATE TABLE IF NOT EXISTS `vg_category` (
  `catid` int(10) unsigned NOT NULL AUTO_INCREMENT,
  `moduleid` smallint(6) unsigned NOT NULL DEFAULT '0',
  `catname` varchar(50) NOT NULL DEFAULT '',
  `style` varchar(50) NOT NULL DEFAULT '',
  `catdir` varchar(255) NOT NULL DEFAULT '',
  `linkurl` varchar(255) NOT NULL DEFAULT '',
  `letter` varchar(4) NOT NULL DEFAULT '',
  `level` tinyint(1) unsigned NOT NULL DEFAULT '1',
  `item` bigint(20) unsigned NOT NULL DEFAULT '0',
  `property` smallint(6) unsigned NOT NULL DEFAULT '0',
  `parentid` int(10) unsigned NOT NULL DEFAULT '0',
  `arrparentid` varchar(255) NOT NULL DEFAULT '',
  `child` tinyint(1) NOT NULL DEFAULT '0',
  `arrchildid` text NOT NULL,
  `listorder` smallint(4) unsigned NOT NULL DEFAULT '0',
  `template` varchar(30) NOT NULL DEFAULT '',
  `show_template` varchar(30) NOT NULL DEFAULT '',
  `seo_title` varchar(255) NOT NULL DEFAULT '',
  `seo_keywords` varchar(255) NOT NULL DEFAULT '',
  `seo_description` varchar(255) NOT NULL DEFAULT '',
  `group_list` varchar(255) NOT NULL DEFAULT '',
  `group_show` varchar(255) NOT NULL DEFAULT '',
  `group_add` varchar(255) NOT NULL DEFAULT '',
  PRIMARY KEY (`catid`)
) ENGINE=MyISAM  DEFAULT CHARSET=utf8 COMMENT='栏目分类' AUTO_INCREMENT=9 ;

--
-- 导出表中的数据 `vg_category`
--

INSERT INTO `vg_category` (`catid`, `moduleid`, `catname`, `style`, `catdir`, `linkurl`, `letter`, `level`, `item`, `property`, `parentid`, `arrparentid`, `child`, `arrchildid`, `listorder`, `template`, `show_template`, `seo_title`, `seo_keywords`, `seo_description`, `group_list`, `group_show`, `group_add`) VALUES
(1, 5, '供应默认分类', '', '1', 'list.php?catid=1', '', 1, 0, 0, 0, '0', 0, '', 1, '', '', '', '', '', '', '', ''),
(2, 6, '求购默认分类', '', '1', 'list.php?catid=2', '', 1, 0, 0, 0, '0', 0, '', 1, '', '', '', '', '', '', '', ''),
(3, 4, '公司默认分类', '', '1', 'list.php?catid=3', '', 1, 0, 0, 0, '0', 0, '', 1, '', '', '', '', '', '', '', ''),
(4, 21, '新闻', '', 'xinwen', 'list.php?catid=4', 'x', 1, 0, 1, 0, '0', 1, '4,8', 4, '', '', '', '', '', '', '', ''),
(5, 11, 'ff', '', 'ff', 'list.php?catid=5', 'f', 1, 0, 0, 0, '0', 0, '5', 5, '', '', '', '', '', '', '', ''),
(6, 7, 'fsdfsdfsdf', '', 'fsdfsdfsdf', 'list.php?catid=6', 'f', 1, 0, 0, 0, '0', 1, '6,7', 6, '', '', '', '', '', '', '', ''),
(7, 7, 'ggggggggggg', '', 'ggggggggggg', 'list.php?catid=7', 'g', 2, 0, 0, 6, '0,6', 0, '7', 7, '', '', '', '', '', '', '', ''),
(8, 21, 'fff', '', 'fff', 'list.php?catid=8', 'f', 1, 0, 0, 4, '0,4', 0, '8', 8, '', '', '', '', '', '', '', '');

-- --------------------------------------------------------

--
-- 表的结构 `vg_category_8`
--

CREATE TABLE IF NOT EXISTS `vg_category_8` (
  `catid` int(10) unsigned NOT NULL AUTO_INCREMENT,
  `catname` varchar(50) NOT NULL DEFAULT '',
  `parentid` int(10) unsigned NOT NULL DEFAULT '0',
  `listorder` smallint(4) unsigned NOT NULL DEFAULT '0',
  PRIMARY KEY (`catid`)
) ENGINE=MyISAM  DEFAULT CHARSET=utf8 COMMENT='栏目分类' AUTO_INCREMENT=8 ;

--
-- 导出表中的数据 `vg_category_8`
--

INSERT INTO `vg_category_8` (`catid`, `catname`, `parentid`, `listorder`) VALUES
(1, '一1', 0, 11),
(2, '二', 1, 2),
(7, '45345345', 2, 6),
(4, '111111', 0, 1),
(5, '22222222', 0, 1),
(6, '8888880', 4, 5);

-- --------------------------------------------------------

--
-- 表的结构 `vg_category_option`
--

CREATE TABLE IF NOT EXISTS `vg_category_option` (
  `oid` bigint(20) unsigned NOT NULL AUTO_INCREMENT,
  `catid` int(10) unsigned NOT NULL DEFAULT '0',
  `type` tinyint(1) unsigned NOT NULL DEFAULT '0',
  `required` tinyint(1) unsigned NOT NULL DEFAULT '0',
  `search` tinyint(1) unsigned NOT NULL DEFAULT '0',
  `name` varchar(255) NOT NULL DEFAULT '',
  `value` text NOT NULL,
  `extend` text NOT NULL,
  `listorder` smallint(4) unsigned NOT NULL DEFAULT '0',
  PRIMARY KEY (`oid`),
  KEY `catid` (`catid`)
) ENGINE=MyISAM  DEFAULT CHARSET=utf8 COMMENT='分类属性' AUTO_INCREMENT=2 ;

--
-- 导出表中的数据 `vg_category_option`
--

INSERT INTO `vg_category_option` (`oid`, `catid`, `type`, `required`, `search`, `name`, `value`, `extend`, `listorder`) VALUES
(1, 4, 2, 1, 1, '我的属性', '红色|绿色|蓝色', '', 0);

-- --------------------------------------------------------

--
-- 表的结构 `vg_category_value`
--

CREATE TABLE IF NOT EXISTS `vg_category_value` (
  `oid` bigint(20) unsigned NOT NULL DEFAULT '0',
  `moduleid` smallint(6) NOT NULL DEFAULT '0',
  `itemid` bigint(20) unsigned NOT NULL DEFAULT '0',
  `value` text NOT NULL,
  KEY `moduleid` (`moduleid`,`itemid`)
) ENGINE=MyISAM DEFAULT CHARSET=utf8 COMMENT='分类属性值';

--
-- 导出表中的数据 `vg_category_value`
--

INSERT INTO `vg_category_value` (`oid`, `moduleid`, `itemid`, `value`) VALUES
(1, 21, 1, '红色'),
(1, 21, 2, '红色'),
(1, 21, 3, '红色');

-- --------------------------------------------------------

--
-- 表的结构 `vg_cats`
--

CREATE TABLE IF NOT EXISTS `vg_cats` (
  `id` int(11) NOT NULL AUTO_INCREMENT,
  `name` varchar(60) NOT NULL DEFAULT '',
  `desn` text NOT NULL,
  PRIMARY KEY (`id`)
) ENGINE=MyISAM  DEFAULT CHARSET=utf8 AUTO_INCREMENT=4 ;

--
-- 导出表中的数据 `vg_cats`
--

INSERT INTO `vg_cats` (`id`, `name`, `desn`) VALUES
(1, 'php', 'php demo'),
(2, 'jsp', 'jsp demo'),
(3, 'asp', 'asp demo');

-- --------------------------------------------------------

--
-- 表的结构 `vg_fields`
--

CREATE TABLE IF NOT EXISTS `vg_fields` (
  `itemid` int(10) unsigned NOT NULL AUTO_INCREMENT,
  `tb` varchar(30) NOT NULL DEFAULT '',
  `name` varchar(50) NOT NULL DEFAULT '',
  `title` varchar(100) NOT NULL DEFAULT '',
  `note` varchar(255) NOT NULL DEFAULT '',
  `type` varchar(20) NOT NULL DEFAULT '',
  `length` smallint(4) unsigned NOT NULL DEFAULT '0',
  `html` varchar(30) NOT NULL DEFAULT '',
  `default_value` text NOT NULL,
  `option_value` text NOT NULL,
  `width` smallint(4) unsigned NOT NULL DEFAULT '0',
  `height` smallint(4) unsigned NOT NULL DEFAULT '0',
  `input_limit` varchar(255) NOT NULL DEFAULT '',
  `addition` varchar(255) NOT NULL DEFAULT '',
  `display` tinyint(1) unsigned NOT NULL DEFAULT '0',
  `front` tinyint(1) unsigned NOT NULL DEFAULT '0',
  `listorder` smallint(4) unsigned NOT NULL DEFAULT '0',
  PRIMARY KEY (`itemid`),
  KEY `tablename` (`tb`)
) ENGINE=MyISAM  DEFAULT CHARSET=utf8 COMMENT='自定义字段' AUTO_INCREMENT=7 ;

--
-- 导出表中的数据 `vg_fields`
--

INSERT INTO `vg_fields` (`itemid`, `tb`, `name`, `title`, `note`, `type`, `length`, `html`, `default_value`, `option_value`, `width`, `height`, `input_limit`, `addition`, `display`, `front`, `listorder`) VALUES
(1, 'article_21', 'aaaa', '张', '', 'varchar', 255, 'thumb', '', '', 120, 90, '', '', 1, 1, 0),
(2, 'article_21', 'bbbb', '三', '', 'varchar', 255, 'thumb', '', '', 120, 90, '', '', 1, 1, 0),
(3, 'article_21', 'www', 'www', '', 'varchar', 255, 'file', '', '', 120, 90, '', '', 1, 1, 0),
(4, 'member', 'address', '地址', '', 'varchar', 255, 'text', '', '', 120, 90, '1', 'size="30"', 1, 1, 0),
(5, 'member', 'website', '网站', '', 'varchar', 255, 'text', '', '', 120, 90, '', 'size="30"', 1, 1, 0),
(6, 'member', 'fax', '传真', '', 'varchar', 255, 'text', '', '', 120, 90, '', 'size="30"', 1, 1, 0);

-- --------------------------------------------------------

--
-- 表的结构 `vg_link`
--

CREATE TABLE IF NOT EXISTS `vg_link` (
  `itemid` int(10) unsigned NOT NULL AUTO_INCREMENT,
  `typeid` bigint(20) unsigned NOT NULL DEFAULT '0',
  `areaid` int(10) unsigned NOT NULL DEFAULT '0',
  `title` varchar(100) NOT NULL DEFAULT '',
  `style` varchar(50) NOT NULL DEFAULT '',
  `thumb` varchar(255) NOT NULL DEFAULT '',
  `introduce` varchar(255) NOT NULL DEFAULT '',
  `username` varchar(30) NOT NULL DEFAULT '',
  `addtime` int(10) unsigned NOT NULL DEFAULT '0',
  `editor` varchar(30) NOT NULL DEFAULT '',
  `edittime` int(10) unsigned NOT NULL DEFAULT '0',
  `listorder` smallint(4) NOT NULL DEFAULT '0',
  `level` tinyint(1) unsigned NOT NULL DEFAULT '0',
  `status` tinyint(1) unsigned NOT NULL DEFAULT '0',
  `linkurl` varchar(255) NOT NULL DEFAULT '',
  PRIMARY KEY (`itemid`),
  KEY `username` (`username`),
  KEY `listorder` (`listorder`)
) ENGINE=MyISAM  DEFAULT CHARSET=utf8 COMMENT='友情链接' AUTO_INCREMENT=2 ;

--
-- 导出表中的数据 `vg_link`
--

INSERT INTO `vg_link` (`itemid`, `typeid`, `areaid`, `title`, `style`, `thumb`, `introduce`, `username`, `addtime`, `editor`, `edittime`, `listorder`, `level`, `status`, `linkurl`) VALUES
(1, 0, 0, 'Destoon B2B', '', 'http://static.destoon.com/logo.gif', 'Destoon B2B网站管理系统', '', 1401435235, 'destoon', 1401435235, 0, 1, 3, 'http://www.destoon.com/');

-- --------------------------------------------------------

--
-- 表的结构 `vg_member`
--

CREATE TABLE IF NOT EXISTS `vg_member` (
  `userid` bigint(20) unsigned NOT NULL AUTO_INCREMENT,
  `username` varchar(30) NOT NULL DEFAULT '',
  `passport` varchar(30) NOT NULL DEFAULT '',
  `company` varchar(100) NOT NULL DEFAULT '',
  `password` varchar(32) NOT NULL DEFAULT '',
  `payword` varchar(32) NOT NULL DEFAULT '',
  `email` varchar(50) NOT NULL DEFAULT '',
  `message` smallint(6) unsigned NOT NULL DEFAULT '0',
  `chat` smallint(6) unsigned NOT NULL DEFAULT '0',
  `sound` tinyint(1) unsigned NOT NULL DEFAULT '1',
  `online` tinyint(1) unsigned NOT NULL DEFAULT '1',
  `avatar` tinyint(1) unsigned NOT NULL DEFAULT '0',
  `gender` tinyint(1) unsigned NOT NULL DEFAULT '1',
  `truename` varchar(20) NOT NULL DEFAULT '',
  `mobile` varchar(50) NOT NULL DEFAULT '',
  `msn` varchar(50) NOT NULL DEFAULT '',
  `qq` varchar(20) NOT NULL DEFAULT '',
  `ali` varchar(30) NOT NULL DEFAULT '',
  `skype` varchar(30) NOT NULL DEFAULT '',
  `department` varchar(30) NOT NULL DEFAULT '',
  `career` varchar(30) NOT NULL DEFAULT '',
  `admin` tinyint(1) unsigned NOT NULL DEFAULT '0',
  `role` varchar(255) NOT NULL DEFAULT '',
  `aid` int(10) unsigned NOT NULL DEFAULT '0',
  `groupid` smallint(4) unsigned NOT NULL DEFAULT '4',
  `regid` smallint(4) unsigned NOT NULL DEFAULT '0',
  `areaid` int(10) unsigned NOT NULL DEFAULT '0',
  `sms` int(10) NOT NULL DEFAULT '0',
  `credit` int(10) NOT NULL DEFAULT '0',
  `money` decimal(10,2) NOT NULL DEFAULT '0.00',
  `locking` decimal(10,2) unsigned NOT NULL DEFAULT '0.00',
  `bank` varchar(30) NOT NULL DEFAULT '',
  `account` varchar(30) NOT NULL DEFAULT '',
  `edittime` int(10) unsigned NOT NULL DEFAULT '0',
  `regip` varchar(50) NOT NULL DEFAULT '',
  `regtime` int(10) unsigned NOT NULL DEFAULT '0',
  `loginip` varchar(50) NOT NULL DEFAULT '',
  `logintime` int(10) unsigned NOT NULL DEFAULT '0',
  `logintimes` int(10) unsigned NOT NULL DEFAULT '1',
  `black` varchar(255) NOT NULL DEFAULT '',
  `send` tinyint(1) unsigned NOT NULL DEFAULT '1',
  `auth` varchar(32) NOT NULL DEFAULT '',
  `authvalue` varchar(100) NOT NULL DEFAULT '',
  `authtime` int(10) unsigned NOT NULL DEFAULT '0',
  `vemail` tinyint(1) unsigned NOT NULL DEFAULT '0',
  `vmobile` tinyint(1) unsigned NOT NULL DEFAULT '0',
  `vtruename` tinyint(1) unsigned NOT NULL DEFAULT '0',
  `vbank` tinyint(1) unsigned NOT NULL DEFAULT '0',
  `vcompany` tinyint(1) unsigned NOT NULL DEFAULT '0',
  `vtrade` tinyint(1) unsigned NOT NULL DEFAULT '0',
  `trade` varchar(50) NOT NULL DEFAULT '',
  `support` varchar(50) NOT NULL DEFAULT '',
  `inviter` varchar(30) NOT NULL DEFAULT '',
  `address` varchar(255) NOT NULL,
  `website` varchar(255) NOT NULL,
  `fax` varchar(255) NOT NULL,
  PRIMARY KEY (`userid`),
  UNIQUE KEY `username` (`username`),
  UNIQUE KEY `email` (`email`),
  UNIQUE KEY `passport` (`passport`),
  KEY `groupid` (`groupid`)
) ENGINE=MyISAM  DEFAULT CHARSET=utf8 COMMENT='会员' AUTO_INCREMENT=2 ;

--
-- 导出表中的数据 `vg_member`
--

INSERT INTO `vg_member` (`userid`, `username`, `passport`, `company`, `password`, `payword`, `email`, `message`, `chat`, `sound`, `online`, `avatar`, `gender`, `truename`, `mobile`, `msn`, `qq`, `ali`, `skype`, `department`, `career`, `admin`, `role`, `aid`, `groupid`, `regid`, `areaid`, `sms`, `credit`, `money`, `locking`, `bank`, `account`, `edittime`, `regip`, `regtime`, `loginip`, `logintime`, `logintimes`, `black`, `send`, `auth`, `authvalue`, `authtime`, `vemail`, `vmobile`, `vtruename`, `vbank`, `vcompany`, `vtrade`, `trade`, `support`, `inviter`, `address`, `website`, `fax`) VALUES
(1, 'destoon', 'destoon', 'DESTOON B2B网站管理系统', '8408b4f3b8a707278dd4952da8f0229a', '8408b4f3b8a707278dd4952da8f0229a', 'mail@yourdomain.com', 0, 0, 0, 1, 0, 1, '嘉客', '', 'admin@yourdomain.com', '', '', '', '', '', 1, '', 0, 1, 0, 62, 0, 31, 0.00, 0.00, '', '', 1406187825, '127.0.0.1', 1401435235, '127.0.0.1', 1428020032, 35, '', 1, '', '', 0, 0, 0, 0, 0, 0, 0, '', '', '', 'sdfsdfs', '', '');

-- --------------------------------------------------------

--
-- 表的结构 `vg_member_group`
--

CREATE TABLE IF NOT EXISTS `vg_member_group` (
  `groupid` smallint(4) unsigned NOT NULL AUTO_INCREMENT,
  `groupname` varchar(50) NOT NULL DEFAULT '',
  `vip` smallint(2) unsigned NOT NULL DEFAULT '0',
  `listorder` smallint(4) unsigned NOT NULL DEFAULT '0',
  PRIMARY KEY (`groupid`)
) ENGINE=MyISAM  DEFAULT CHARSET=utf8 COMMENT='会员组' AUTO_INCREMENT=8 ;

--
-- 导出表中的数据 `vg_member_group`
--

INSERT INTO `vg_member_group` (`groupid`, `groupname`, `vip`, `listorder`) VALUES
(1, '管理员', 0, 1),
(2, '禁止访问', 0, 2),
(3, '游客', 0, 3),
(4, '待审核会员', 0, 4),
(5, '个人会员', 0, 5),
(6, '企业会员', 0, 6),
(7, 'VIP会员', 1, 7);

-- --------------------------------------------------------

--
-- 表的结构 `vg_module`
--

CREATE TABLE IF NOT EXISTS `vg_module` (
  `moduleid` smallint(6) unsigned NOT NULL AUTO_INCREMENT,
  `module` varchar(20) NOT NULL DEFAULT '',
  `name` varchar(20) NOT NULL DEFAULT '',
  `moduledir` varchar(20) NOT NULL DEFAULT '',
  `domain` varchar(255) NOT NULL DEFAULT '',
  `linkurl` varchar(255) NOT NULL DEFAULT '',
  `style` varchar(50) NOT NULL DEFAULT '',
  `listorder` smallint(4) unsigned NOT NULL DEFAULT '0',
  `islink` tinyint(1) unsigned NOT NULL DEFAULT '0',
  `ismenu` tinyint(1) unsigned NOT NULL DEFAULT '0',
  `isblank` tinyint(1) unsigned NOT NULL DEFAULT '0',
  `logo` tinyint(1) unsigned NOT NULL DEFAULT '0',
  `disabled` tinyint(1) unsigned NOT NULL DEFAULT '0',
  `installtime` int(10) unsigned NOT NULL DEFAULT '0',
  PRIMARY KEY (`moduleid`)
) ENGINE=MyISAM  DEFAULT CHARSET=utf8 COMMENT='模型' AUTO_INCREMENT=23 ;

--
-- 导出表中的数据 `vg_module`
--

INSERT INTO `vg_module` (`moduleid`, `module`, `name`, `moduledir`, `domain`, `linkurl`, `style`, `listorder`, `islink`, `ismenu`, `isblank`, `logo`, `disabled`, `installtime`) VALUES
(1, 'destoon', '核心', '', 'http://demo.destoon.com/v5.0/', 'http://www.d.com/', '', 1, 0, 0, 0, 0, 0, 1401435235),
(2, 'member', '会员', 'member', '', 'http://www.d.com/member/', '', 2, 0, 0, 0, 0, 0, 1401435235),
(3, 'extend', '扩展', 'extend', '', 'http://www.d.com/extend/', '', 0, 0, 0, 0, 0, 0, 1401435235),
(4, 'company', '公司', 'company', '', 'http://www.d.com/company/', '', 7, 0, 1, 0, 0, 0, 1401435235),
(22, 'info', '招商', 'invest', '', 'http://www.d.com/invest/', '', 12, 0, 1, 0, 0, 0, 1401435235),
(5, 'sell', '供应', 'sell', '', 'http://www.d.com/sell/', '', 5, 0, 1, 0, 0, 0, 1401435235),
(6, 'buy', '求购', 'buy', '', 'http://www.d.com/buy/', '', 6, 0, 1, 0, 0, 0, 1401435235),
(7, 'quote', '行情', 'quote', '', 'http://www.d.com/quote/', '', 9, 0, 1, 0, 0, 0, 1401435235),
(8, 'exhibit', '展会', 'exhibit', '', 'http://www.d.com/exhibit/', '', 10, 0, 1, 0, 0, 0, 1401435235),
(21, 'article', '资讯', 'news', '', 'http://www.d.com/news/', '', 11, 0, 1, 0, 0, 0, 1401435235),
(9, 'job', '人才', 'job', '', 'http://www.d.com/job/', '', 14, 0, 1, 0, 0, 0, 1401435235),
(13, 'brand', '品牌', 'brand', '', 'http://www.d.com/brand/', '', 13, 0, 1, 0, 0, 0, 1401435235),
(10, 'know', '知道', 'know', '', 'http://www.d.com/know/', '', 15, 0, 1, 0, 0, 0, 1401435235),
(11, 'special', '专题', 'special', '', 'http://www.d.com/special/', '', 16, 0, 1, 0, 0, 0, 1401435235),
(12, 'photo', '图库', 'photo', '', 'http://www.d.com/photo/', '', 17, 0, 1, 0, 0, 0, 1401435235),
(14, 'video', '视频', 'video', '', 'http://www.d.com/video/', '', 18, 0, 1, 0, 0, 0, 1401435235),
(15, 'down', '下载', 'down', '', 'http://www.d.com/down/', '', 19, 0, 1, 0, 0, 0, 1401435235),
(16, 'mall', '商城', 'mall', '', 'http://www.d.com/mall/', '', 4, 0, 1, 0, 0, 0, 1401435235),
(17, 'group', '团购', 'group', '', 'http://www.d.com/group/', '', 8, 0, 1, 0, 0, 0, 1401435235);

-- --------------------------------------------------------

--
-- 表的结构 `vg_product`
--

CREATE TABLE IF NOT EXISTS `vg_product` (
  `itemid` int(10) unsigned NOT NULL AUTO_INCREMENT,
  `catid` int(10) unsigned NOT NULL,
  `title` varchar(20) NOT NULL,
  `content` text NOT NULL,
  PRIMARY KEY (`itemid`)
) ENGINE=MyISAM  DEFAULT CHARSET=utf8 AUTO_INCREMENT=3 ;

--
-- 导出表中的数据 `vg_product`
--

INSERT INTO `vg_product` (`itemid`, `catid`, `title`, `content`) VALUES
(1, 1, 'aa', 'bb'),
(2, 5, 'ccc', 'ddd');

-- --------------------------------------------------------

--
-- 表的结构 `vg_setting`
--

CREATE TABLE IF NOT EXISTS `vg_setting` (
  `item` varchar(30) NOT NULL DEFAULT '',
  `item_key` varchar(100) NOT NULL DEFAULT '',
  `item_value` text NOT NULL,
  KEY `item` (`item`)
) ENGINE=MyISAM DEFAULT CHARSET=utf8 COMMENT='网站设置';

--
-- 导出表中的数据 `vg_setting`
--

INSERT INTO `vg_setting` (`item`, `item_key`, `item_value`) VALUES
('1', 'middle_h', '180'),
('1', 'middle_w', '240'),
('1', 'water_middle', '0'),
('1', 'water_com', '1'),
('1', 'bmp_jpg', '1'),
('1', 'water_pos', '9'),
('1', 'water_min_wh', '180'),
('1', 'water_margin', '10'),
('1', 'water_type', '0'),
('1', 'water_fontcolor', '#000000'),
('1', 'water_fontsize', '20'),
('1', 'water_font', 'simhei.ttf'),
('1', 'water_text', 'www.destoon.com'),
('1', 'water_jpeg_quality', '90'),
('1', 'water_transition', '60'),
('1', 'water_mark', 'watermark.png'),
('1', 'file_my', 'my.php'),
('1', 'file_login', 'login.php'),
('1', 'file_register', 'register.php'),
('1', 'defend_proxy', '0'),
('1', 'defend_reload', '0'),
('1', 'defend_cc', '0'),
('1', 'safe_domain', ''),
('1', 'jstag', '0'),
('1', 'check_referer', '1'),
('1', 'uploaddir', 'Ym/d'),
('1', 'uploadsize', '2048'),
('1', 'uploadtype', 'jpg|gif|png|rar|zip|pdf|doc|xls|ppt|flv|mp4|wmv|swf|docx|ppts|xlsx'),
('1', 'uploadlog', '1'),
('1', 'anticopy', '0'),
('1', 'ip_login', '0'),
('1', 'login_log', '0'),
('1', 'admin_log', '0'),
('1', 'admin_online', '1'),
('1', 'md5_pass', '1'),
('1', 'captcha_admin', '0'),
('1', 'captcha_cn', '0'),
('1', 'captcha_chars', ''),
('1', 'check_hour', ''),
('1', 'admin_hour', ''),
('1', 'admin_ip', ''),
('1', 'admin_area', ''),
('1', 'remote_url', ''),
('1', 'ftp_path', ''),
('1', 'ftp_pasv', '0'),
('1', 'ftp_ssl', '0'),
('1', 'ftp_pass', ''),
('1', 'ftp_port', '21'),
('1', 'ftp_user', ''),
('1', 'ftp_host', ''),
('1', 'ftp_remote', '0'),
('1', 'schcate_limit', '10'),
('1', 'pagesize', '20'),
('1', 'pushtime', '0'),
('1', 'online', '1200'),
('1', 'search_limit', '1'),
('1', 'max_kw', '30'),
('1', 'min_kw', '3'),
('1', 'search_check_kw', '0'),
('1', 'search_kw', '1'),
('1', 'save_draft', '1'),
('1', 'search_tips', '1'),
('1', 'anti_spam', '1'),
('1', 'log_credit', '1'),
('1', 'pages_mode', '0'),
('1', 'lazy', '1'),
('1', 'gzip_enable', '0'),
('1', 'cache_hits', '0'),
('1', 'cache_search', '0'),
('1', 'task_list', '1800'),
('1', 'task_index', '600'),
('1', 'log_404', '0'),
('1', 'pcharset', '0'),
('1', 'com_www', '0'),
('1', 'rewrite', '0'),
('1', 'index_html', '1'),
('1', 'file_ext', 'html'),
('1', 'index', 'index'),
('1', 'seo_description', ''),
('1', 'seo_keywords', ''),
('1', 'seo_title', '欢迎使用DESTOON B2B网站管理系统'),
('1', 'seo_delimiter', '_'),
('1', 'trade_nu', 'notify.php'),
('1', 'trade_tp', '0'),
('1', 'trade_ac', ''),
('1', 'trade_pw', ''),
('1', 'trade_id', ''),
('1', 'trade_hm', 'http://www.alipay.com/'),
('1', 'trade_nm', '支付宝'),
('1', 'trade', ''),
('1', 'sms_ok', '成功'),
('1', 'sms_len', '70'),
('1', 'sms_fee', '0.1'),
('1', 'sms_sign', '【DESTOON】'),
('1', 'sms_key', ''),
('1', 'sms_uid', ''),
('1', 'sms', '0'),
('1', 'im_skype', '0'),
('1', 'im_msn', '0'),
('1', 'im_ali', '1'),
('1', 'im_qq', '1'),
('1', 'im_web', '1'),
('1', 'admin_left', '188'),
('1', 'credit_unit', '点'),
('1', 'credit_name', '积分'),
('1', 'money_unit', '元'),
('1', 'money_name', '资金'),
('1', 'city_ip', '0'),
('1', 'city', '0'),
('1', 'close_reason', '网站维护中，请稍候访问...'),
('1', 'close', '0'),
('1', 'icpno', ''),
('1', 'telephone', ''),
('1', 'copyright', '(c)2008-2013 DESTOON B2B SYSTEM All Rights Reserved'),
('1', 'logo', ''),
('1', 'sitename', 'DESTOON B2B网站管理系统'),
('2', 'pay_banks', '现金|网银在线|贝宝|支付宝|财付通|招商银行|中国工商银行|中国农业银行|中国建设银行|中国交通银行|中国银行|邮政储蓄|邮政汇款'),
('2', 'trade_send', '10'),
('2', 'trade_day', '10'),
('2', 'cash_fee_max', '50'),
('2', 'cash_fee_min', '1'),
('2', 'cash_fee', '1'),
('2', 'cash_max', '10000'),
('2', 'cash_min', '50'),
('2', 'cash_times', '3'),
('2', 'cash_banks', '招商银行|中国工商银行|中国农业银行|中国建设银行|中国交通银行|中国银行|邮政储蓄|贝宝|支付宝|财付通'),
('2', 'cash_enable', '1'),
('2', 'pay_url', ''),
('2', 'mincharge', '0'),
('2', 'credit_check', '2'),
('2', 'credit_save', '0'),
('2', 'credit_clear', '0'),
('2', 'link_check', '2'),
('2', 'pay_online', '1'),
('2', 'news_save', '0'),
('2', 'news_clear', '0'),
('2', 'page_check', '2'),
('2', 'page_save', '0'),
('2', 'page_clear', '0'),
('2', 'news_check', '2'),
('2', 'introduce_clear', '0'),
('2', 'introduce_save', '0'),
('2', 'introduce_length', '0'),
('2', 'thumb_height', '180'),
('2', 'mode_max', '2'),
('2', 'cate_max', '6'),
('2', 'thumb_width', '180'),
('2', 'money_unit', '人民币|港元|台币|美元|欧元|英镑'),
('2', 'com_mode', '制造商|贸易商|服务商|其他机构'),
('2', 'com_size', '1-49人|50-99人|100-499人|500-999人|1000-3000人|3000-5000人|5000-10000人|10000人以上'),
('2', 'com_type', '企业单位|事业单位或社会团体|个体经营|其他'),
('2', 'login_goto', '0'),
('2', 'login_remember', '1'),
('2', 'editor', 'Basic'),
('2', 'show_menu', '1'),
('2', 'captcha_login', '0'),
('2', 'vcompany', '1'),
('2', 'vfax', ''),
('2', 'vbank', '1'),
('2', 'vtruename', '1'),
('2', 'vmobile', '1'),
('2', 'vemail', '1'),
('2', 'vmember', '1'),
('2', 'chat_img', '1'),
('2', 'chat_url', '1'),
('2', 'chat_ext', 'jpg|gif|png|rar|zip|pdf|doc|xls|ppt|docx|xlsx|pptx'),
('2', 'chat_mintime', '3'),
('2', 'chat_file', '1'),
('2', 'chat_poll', '3'),
('2', 'chat_timeout', '600'),
('2', 'chat_maxlen', '300'),
('2', 'alert_check', '2'),
('2', 'alertid', '5|6|22'),
('2', 'auth_days', '3'),
('2', 'lock_hour', '1'),
('2', 'login_times', '10'),
('2', 'captcha_sendmessage', '2'),
('2', 'maxtouser', '5'),
('2', 'usernote', '欢迎使用DESTOON B2B网站管理系统www.destoon.com'),
('2', 'iptimeout', '24'),
('2', 'banagent', ''),
('2', 'defend_proxy', '0'),
('2', 'sms_register', '3'),
('2', 'credit_register', '20'),
('2', 'money_register', '0'),
('2', 'question_register', '1'),
('2', 'captcha_register', '1'),
('2', 'mobilecode_register', '0'),
('2', 'emailcode_register', '0'),
('2', 'welcome_sms', '1'),
('2', 'welcome_email', '1'),
('2', 'welcome_message', '1'),
('2', 'banemail', ''),
('2', 'checkuser', '0'),
('2', 'banmodec', '0'),
('2', 'bancompany', ''),
('2', 'banmodeu', '0'),
('2', 'banusername', 'admin|system|master|web|sell|buy|company|quote|job|article|info|page|bbs'),
('2', 'maxpassword', '20'),
('2', 'minpassword', '6'),
('2', 'maxusername', '20'),
('2', 'minusername', '4'),
('2', 'enable_register', '1'),
('3', 'baidunews_items', '90'),
('3', 'baidunews_update', '60'),
('3', 'baidunews_email', 'mail@yourdomain.com'),
('3', 'baidunews', '1'),
('3', 'sitemaps_items', '10000'),
('3', 'sitemaps_update', '60'),
('3', 'sitemaps_module', '16,5,6,4,17,7,8,21,22,13,9,10,11,12,14,15'),
('3', 'sitemaps_priority', '0.8'),
('3', 'sitemaps_changefreq', 'monthly'),
('3', 'sitemaps', '1'),
('3', 'feed_pagesize', '50'),
('3', 'feed_domain', ''),
('3', 'feed_enable', '2'),
('3', 'archiver_domain', ''),
('3', 'archiver_enable', '1'),
('3', 'wap_goto', '1'),
('3', 'wap_maxlength', '500'),
('3', 'wap_pagesize', '20'),
('3', 'wap_charset', 'utf-8'),
('3', 'wap_domain', ''),
('3', 'wap_enable', '1'),
('3', 'poll_group', '3,5,6,7'),
('3', 'poll_domain', ''),
('3', 'poll_enable', '1'),
('3', 'vote_group', '3,5,6,7'),
('3', 'vote_domain', ''),
('3', 'vote_enable', '1'),
('3', 'gift_domain', ''),
('3', 'gift_enable', '1'),
('3', 'guestbook_captcha', '1'),
('3', 'guestbook_type', '业务合作|意见建议|使用问题|页面错误|不良信息|其他'),
('3', 'guestbook_domain', ''),
('3', 'guestbook_enable', '1'),
('3', 'comment_am', '网友'),
('3', 'credit_del_comment', '5'),
('3', 'credit_add_comment', '2'),
('3', 'comment_limit', '30'),
('3', 'comment_pagesize', '10'),
('3', 'comment_time', '30'),
('3', 'comment_max', '500'),
('3', 'comment_min', '5'),
('3', 'comment_vote', '1'),
('3', 'comment_admin_del', '1'),
('3', 'comment_user_del', '4'),
('3', 'comment_captcha_add', '2'),
('3', 'comment_check', '2'),
('3', 'comment_vote_group', '5,6,7'),
('3', 'comment_group', '5,6,7'),
('3', 'comment_module', '5,6,4,7,8,21,22,13,9,10,11,12,14,15'),
('3', 'comment_show', '1'),
('3', 'comment_domain', ''),
('3', 'link_request', ''),
('3', 'link_reg', '1'),
('3', 'link_domain', ''),
('3', 'link_enable', '1'),
('3', 'announce_html', '1'),
('3', 'announce_domain', ''),
('3', 'announce_enable', '1'),
('3', 'ad_currency', 'credit'),
('3', 'ad_buy', '1'),
('3', 'ad_view', '1'),
('3', 'ad_domain', ''),
('3', 'ad_enable', '1'),
('3', 'spread_currency', 'credit'),
('3', 'spread_list', '1'),
('3', 'spread_check', '1'),
('3', 'spread_max', '10'),
('3', 'spread_month', '6'),
('3', 'spread_step', '100'),
('3', 'spread_company_price', '500'),
('3', 'spread_buy_price', '500'),
('3', 'spread_sell_price', '500'),
('3', 'spread_domain', ''),
('3', 'oauth', '1'),
('3', 'module', 'extend'),
('3', 'feed_url', 'http://www.d.com/feed/'),
('3', 'archiver_url', 'http://www.d.com/archiver/'),
('3', 'wap_url', 'http://www.d.com/wap/'),
('3', 'poll_url', 'http://www.d.com/poll/'),
('3', 'vote_url', 'http://www.d.com/vote/'),
('3', 'gift_url', 'http://www.d.com/gift/'),
('3', 'guestbook_url', 'http://www.d.com/guestbook/'),
('3', 'comment_url', 'http://www.d.com/comment/'),
('3', 'link_url', 'http://www.d.com/link/'),
('3', 'announce_url', 'http://www.d.com/announce/'),
('3', 'ad_url', 'http://www.d.com/ad/'),
('3', 'spread_url', 'http://www.d.com/spread/'),
('4', 'group_inquiry', '3,5,6,7'),
('4', 'group_price', '3,5,6,7'),
('4', 'group_message', '3,5,6,7'),
('4', 'group_buy', '3,5,6,7'),
('4', 'group_contact', '5,6,7'),
('4', 'group_search', '3,5,6,7'),
('4', 'group_list', '3,5,6,7'),
('4', 'group_index', '3,5,6,7'),
('4', 'seo_description_show', ''),
('4', 'seo_keywords_show', ''),
('4', 'seo_title_show', '{内容标题}{分类名称}{分类SEO标题}{模块名称}{分隔符}{网站名称}'),
('4', 'seo_description_list', ''),
('4', 'seo_keywords_list', ''),
('4', 'seo_title_list', '{分类SEO标题}{页码}{模块名称}{分隔符}{网站名称}'),
('4', 'seo_description_index', ''),
('4', 'seo_keywords_index', ''),
('4', 'seo_title_index', '{模块名称}{分隔符}{页码}{网站名称}'),
('4', 'php_list_urlid', '0'),
('4', 'htm_list_urlid', '0'),
('4', 'list_html', '0'),
('4', 'htm_list_prefix', ''),
('4', 'index_html', '0'),
('4', 'pagesize', '20'),
('4', 'page_subcat', '6'),
('4', 'page_inews', '10'),
('4', 'page_inew', '10'),
('4', 'level', '推荐公司'),
('4', 'page_irec', '10'),
('4', 'page_ivip', '10'),
('4', 'stats', ''),
('4', 'kf', ''),
('4', 'vip_maxyear', '5'),
('4', 'vip_honor', '1'),
('4', 'map', 'baidu'),
('4', 'vip_maxgroupvip', '3'),
('4', 'vip_cominfo', '1'),
('4', 'vip_year', '1'),
('4', 'openall', '0'),
('4', 'delvip', '1'),
('4', 'split', '0'),
('4', 'comment', '1'),
('4', 'homeurl', '0'),
('4', 'fields', 'userid,username,company,linkurl,thumb,catid,areaid,vip,groupid,validated,business,mode'),
('4', 'order', 'vip desc,userid desc'),
('4', 'title_index', '{$seo_modulename}{$seo_delimiter}{$seo_page}{$seo_sitename}'),
('4', 'title_list', '{$seo_cattitle}{$seo_page}{$seo_modulename}{$seo_delimiter}{$seo_sitename}'),
('4', 'title_show', '{$seo_showtitle}{$seo_catname}{$seo_cattitle}{$seo_modulename}{$seo_sitename}{$seo_sitetitle}{$seo_delimiter}'),
('4', 'keywords_index', '{$seo_modulename}{$seo_sitename}{$seo_sitetitle}'),
('4', 'keywords_list', '{$seo_catname}{$seo_catkeywords}{$seo_modulename}{$seo_sitename}{$seo_sitekeywords}'),
('4', 'keywords_show', '{$seo_showtitle}{$seo_catname}{$seo_catkeywords}{$seo_modulename}{$seo_sitekeywords}'),
('4', 'description_index', '{$seo_modulename}{$seo_sitename}{$seo_sitetitle}'),
('4', 'description_list', '{$seo_sitedescription}{$seo_sitename}{$seo_modulename}{$seo_catdescription}{$seo_catname}'),
('4', 'description_show', '{$seo_showtitle}{$seo_showintroduce}{$seo_catname}{$seo_catdescription}{$seo_modulename}{$seo_sitename}{$seo_sitedescription}'),
('4', 'module', 'company'),
('5', 'credit_add', '2'),
('5', 'fee_back', '0'),
('5', 'fee_period', '0'),
('5', 'fee_view', '0'),
('5', 'fee_add', '0'),
('5', 'fee_currency', 'money'),
('5', 'fee_mode', '1'),
('5', 'question_add', '2'),
('5', 'captcha_add', '2'),
('5', 'check_add', '2'),
('5', 'captcha_inquiry', '2'),
('5', 'question_inquiry', '2'),
('5', 'group_elite', '6,7'),
('5', 'group_compare', '3,5,6,7'),
('5', 'group_refresh', '7'),
('5', 'group_color', '6,7'),
('5', 'group_search', '3,5,6,7'),
('5', 'group_contact', '3,5,6,7'),
('5', 'group_show', '3,5,6,7'),
('5', 'group_list', '3,5,6,7'),
('5', 'group_index', '3,5,6,7'),
('5', 'seo_keywords_show', ''),
('5', 'seo_description_show', ''),
('5', 'seo_description_list', ''),
('5', 'seo_title_show', '{内容标题}{分隔符}{分类名称}{模块名称}{分隔符}{网站名称}'),
('5', 'seo_keywords_list', ''),
('5', 'seo_description_index', ''),
('5', 'seo_title_list', '{分类SEO标题}{页码}{模块名称}{分隔符}{网站名称}'),
('5', 'seo_keywords_index', ''),
('5', 'seo_title_index', '{模块名称}{分隔符}{页码}{网站名称}'),
('5', 'php_item_urlid', '0'),
('5', 'htm_item_urlid', '1'),
('5', 'htm_item_prefix', ''),
('5', 'show_html', '0'),
('5', 'php_list_urlid', '0'),
('5', 'htm_list_urlid', '0'),
('5', 'htm_list_prefix', ''),
('5', 'list_html', '0'),
('5', 'index_html', '0'),
('5', 'page_subcat', '5'),
('5', 'max_width', '900'),
('5', 'pagesize', '20'),
('5', 'upload_thumb', '0'),
('5', 'swfu', '2'),
('5', 'level', '推荐信息'),
('5', 'fulltext', '0'),
('5', 'sphinx_name', 'destoon,delta'),
('5', 'sphinx_port', ''),
('5', 'sphinx_host', ''),
('5', 'sphinx', '0'),
('5', 'cat_property', '0'),
('5', 'save_remotepic', '0'),
('5', 'clear_link', '0'),
('5', 'keylink', '0'),
('5', 'split', '0'),
('5', 'inquiry_ask', '我对贵公司的产品非常感兴趣，能否发一些详细资料给我参考？|请您发一份比较详细的产品规格说明，谢谢！|请问贵公司产品是否可以代理？代理条件是什么？|我公司有意购买此产品，可否提供此产品的报价单和最小起订量？'),
('5', 'type', '供应|提供服务|供应二手|提供加工|提供合作|库存'),
('5', 'inquiry_type', '单价|产品规格|型号|价格条款|原产地|能否提供样品|最小订货量|交货期|供货能力|销售条款及附加条件|包装方式|质量/安全认证 '),
('5', 'fields', 'itemid,title,thumb,linkurl,style,catid,areaid,introduce,addtime,edittime,username,company,groupid,vip,qq,msn,ali,skype,validated,price,unit,minamount,amount'),
('5', 'order', 'editdate desc,vip desc,edittime desc'),
('5', 'editor', 'Destoon'),
('5', 'introduce_length', '120'),
('5', 'thumb_height', '100'),
('5', 'thumb_width', '100'),
('5', 'template_inquiry', ''),
('5', 'template_compare', ''),
('5', 'template_my', ''),
('5', 'template_search', ''),
('5', 'template_show', ''),
('5', 'template_list', ''),
('5', 'template_index', ''),
('5', 'credit_del', '5'),
('5', 'credit_color', '100'),
('5', 'credit_elite', '100'),
('5', 'credit_refresh', '1'),
('5', 'title_index', '{$seo_modulename}{$seo_delimiter}{$seo_page}{$seo_sitename}'),
('5', 'title_list', '{$seo_cattitle}{$seo_page}{$seo_modulename}{$seo_delimiter}{$seo_sitename}'),
('5', 'title_show', '{$seo_showtitle}{$seo_delimiter}{$seo_catname}{$seo_modulename}{$seo_delimiter}{$seo_sitename}'),
('5', 'keywords_index', ''),
('5', 'keywords_list', ''),
('5', 'keywords_show', ''),
('5', 'description_index', ''),
('5', 'description_list', ''),
('5', 'description_show', ''),
('5', 'module', 'sell'),
('6', 'fee_add', '0'),
('6', 'fee_currency', 'money'),
('6', 'fee_mode', '1'),
('6', 'question_add', '2'),
('6', 'captcha_add', '2'),
('6', 'check_add', '2'),
('6', 'question_price', '2'),
('6', 'captcha_price', '2'),
('6', 'group_refresh', '7'),
('6', 'group_color', '6,7'),
('6', 'group_search', '3,5,6,7'),
('6', 'group_contact', '3,5,6,7'),
('6', 'group_show', '3,5,6,7'),
('6', 'group_list', '3,5,6,7'),
('6', 'group_index', '3,5,6,7'),
('6', 'seo_description_show', ''),
('6', 'seo_keywords_show', ''),
('6', 'seo_title_show', '{内容标题}{分隔符}{分类名称}{模块名称}{分隔符}{网站名称}'),
('6', 'seo_description_list', ''),
('6', 'seo_keywords_list', ''),
('6', 'seo_title_list', '{分类SEO标题}{页码}{模块名称}{分隔符}{网站名称}'),
('6', 'seo_description_index', ''),
('6', 'seo_keywords_index', ''),
('6', 'seo_title_index', '{模块名称}{分隔符}{页码}{网站名称}'),
('6', 'php_item_urlid', '0'),
('6', 'htm_item_urlid', '1'),
('6', 'htm_item_prefix', ''),
('6', 'show_html', '0'),
('6', 'php_list_urlid', '0'),
('6', 'htm_list_urlid', '0'),
('6', 'htm_list_prefix', ''),
('6', 'list_html', '0'),
('6', 'index_html', '0'),
('6', 'page_subcat', '6'),
('6', 'max_width', '900'),
('6', 'pagesize', '20'),
('6', 'level', '推荐信息'),
('6', 'save_remotepic', '0'),
('6', 'clear_link', '0'),
('6', 'keylink', '0'),
('6', 'split', '0'),
('6', 'fulltext', '0'),
('6', 'cat_property', '0'),
('6', 'type', '求购|紧急求购|求购二手|寻求加工|寻求合作|招标'),
('6', 'price_ask', '请您发一份比较详细的产品规格说明，谢谢！|请问您对此产品是长期有需求吗？|请问您对此产品有多大的需求量？'),
('6', 'fields', 'itemid,title,thumb,linkurl,style,catid,areaid,introduce,addtime,edittime,username,company,groupid,vip,qq,msn,ali,skype,validated,price'),
('6', 'order', 'editdate desc,vip desc,edittime desc'),
('6', 'editor', 'Destoon'),
('6', 'introduce_length', '120'),
('6', 'thumb_height', '100'),
('6', 'thumb_width', '100'),
('6', 'template_price', ''),
('6', 'template_my', ''),
('6', 'template_search', ''),
('6', 'template_show', ''),
('6', 'template_list', ''),
('6', 'template_index', ''),
('6', 'fee_view', '0'),
('6', 'fee_period', '0'),
('6', 'fee_back', '0'),
('6', 'credit_add', '2'),
('6', 'credit_del', '5'),
('6', 'credit_color', '100'),
('6', 'credit_refresh', '1'),
('6', 'title_index', '{$seo_modulename}{$seo_delimiter}{$seo_page}{$seo_sitename}'),
('6', 'title_list', '{$seo_cattitle}{$seo_page}{$seo_modulename}{$seo_delimiter}{$seo_sitename}'),
('6', 'title_show', '{$seo_showtitle}{$seo_delimiter}{$seo_catname}{$seo_modulename}{$seo_delimiter}{$seo_sitename}'),
('6', 'keywords_index', ''),
('6', 'keywords_list', ''),
('6', 'keywords_show', ''),
('6', 'description_index', ''),
('6', 'description_list', ''),
('6', 'description_show', ''),
('6', 'module', 'buy'),
('7', 'fee_period', '0'),
('7', 'fee_view', '0'),
('7', 'fee_add', '0'),
('7', 'fee_currency', 'money'),
('7', 'question_add', '2'),
('7', 'fee_mode', '1'),
('7', 'captcha_add', '2'),
('7', 'check_add', '2'),
('7', 'group_add_price', '3,5,6,7'),
('7', 'group_show_price', '3,5,6,7'),
('7', 'group_color', '6,7'),
('7', 'group_search', '3,5,6,7'),
('7', 'group_show', '3,5,6,7'),
('7', 'seo_keywords_show', ''),
('7', 'seo_description_show', ''),
('7', 'group_index', '3,5,6,7'),
('7', 'group_list', '3,5,6,7'),
('7', 'seo_description_list', ''),
('7', 'seo_title_show', '{内容标题}{分隔符}{分类名称}{模块名称}{分隔符}{网站名称}'),
('7', 'seo_keywords_list', ''),
('7', 'seo_title_list', '{分类SEO标题}{页码}{模块名称}{分隔符}{网站名称}'),
('7', 'seo_description_index', ''),
('7', 'seo_keywords_index', ''),
('7', 'seo_title_index', '{模块名称}{分隔符}{页码}{网站名称}'),
('7', 'php_item_urlid', '0'),
('7', 'htm_item_urlid', '1'),
('7', 'htm_item_prefix', ''),
('7', 'show_html', '0'),
('7', 'php_list_urlid', '0'),
('7', 'index_html', '0'),
('7', 'list_html', '0'),
('7', 'htm_list_prefix', ''),
('7', 'htm_list_urlid', '0'),
('7', 'max_width', '550'),
('7', 'page_child', '5'),
('7', 'pagesize', '20'),
('7', 'page_icat', '5'),
('7', 'save_remotepic', '0'),
('7', 'clear_link', '0'),
('7', 'keylink', '0'),
('7', 'split', '0'),
('7', 'fulltext', '0'),
('7', 'level', '推荐行情|暂未指定|推荐图文|头条相关|头条推荐'),
('7', 'cat_property', '0'),
('7', 'fields', 'itemid,title,thumb,linkurl,style,catid,introduce,addtime,edittime,username'),
('7', 'order', 'addtime desc'),
('7', 'editor', 'Destoon'),
('7', 'introduce_length', '120'),
('7', 'thumb_height', '90'),
('7', 'thumb_width', '120'),
('7', 'fee_back', '0'),
('7', 'pre_view', '500'),
('7', 'credit_add', '2'),
('7', 'credit_del', '5'),
('7', 'credit_color', '100'),
('7', 'title_index', '{$seo_modulename}{$seo_delimiter}{$seo_page}{$seo_sitename}'),
('7', 'title_list', '{$seo_cattitle}{$seo_page}{$seo_modulename}{$seo_delimiter}{$seo_sitename}'),
('7', 'title_show', '{$seo_showtitle}{$seo_delimiter}{$seo_catname}{$seo_modulename}{$seo_delimiter}{$seo_sitename}'),
('7', 'keywords_index', ''),
('7', 'keywords_list', ''),
('7', 'keywords_show', ''),
('7', 'description_index', ''),
('7', 'description_list', ''),
('7', 'description_show', ''),
('7', 'module', 'quote'),
('8', 'fee_currency', 'money'),
('8', 'fee_mode', '1'),
('8', 'question_add', '2'),
('8', 'captcha_add', '2'),
('8', 'check_add', '2'),
('8', 'question_sign', '2'),
('8', 'captcha_sign', '2'),
('8', 'group_color', '6,7'),
('8', 'group_search', '3,5,6,7'),
('8', 'group_contact', '3,5,6,7'),
('8', 'group_show', '3,5,6,7'),
('8', 'group_list', '3,5,6,7'),
('8', 'group_index', '3,5,6,7'),
('8', 'seo_description_show', ''),
('8', 'seo_keywords_show', ''),
('8', 'seo_title_show', '{内容标题}{分隔符}{分类名称}{模块名称}{分隔符}{网站名称}'),
('8', 'seo_description_list', ''),
('8', 'seo_keywords_list', ''),
('8', 'seo_title_list', '{分类SEO标题}{页码}{模块名称}{分隔符}{网站名称}'),
('8', 'seo_description_index', ''),
('8', 'seo_keywords_index', ''),
('8', 'seo_title_index', '{模块名称}{分隔符}{页码}{网站名称}'),
('8', 'php_item_urlid', '0'),
('8', 'htm_item_urlid', '1'),
('8', 'htm_item_prefix', ''),
('8', 'show_html', '0'),
('8', 'php_list_urlid', '0'),
('8', 'htm_list_urlid', '0'),
('8', 'htm_list_prefix', ''),
('8', 'list_html', '0'),
('8', 'index_html', '0'),
('8', 'max_width', '550'),
('8', 'pagesize', '10'),
('8', 'cat_hall_num', '2'),
('8', 'cat_hall', '0'),
('8', 'cat_service_num', '8'),
('8', 'cat_service', '0'),
('8', 'cat_news_num', '10'),
('8', 'page_icat', '10'),
('8', 'news_id', '21'),
('8', 'cat_news', '0'),
('8', 'page_islide', '3'),
('8', 'level', '推荐展会|展会幻灯'),
('8', 'fulltext', '0'),
('8', 'split', '0'),
('8', 'keylink', '0'),
('8', 'save_remotepic', '0'),
('8', 'clear_link', '0'),
('8', 'cat_property', '0'),
('8', 'fields', 'itemid,title,thumb,linkurl,style,catid,addtime,edittime,username,fromtime,totime,city,address,sponsor'),
('8', 'order', 'addtime desc'),
('8', 'editor', 'Destoon'),
('8', 'introduce_length', '0'),
('8', 'thumb_height', '100'),
('8', 'thumb_width', '100'),
('8', 'fee_add', '0'),
('8', 'fee_view', '0'),
('8', 'fee_period', '0'),
('8', 'fee_back', '0'),
('8', 'pre_view', '500'),
('8', 'credit_add', '2'),
('8', 'credit_del', '5'),
('8', 'credit_color', '100'),
('8', 'title_index', '{$seo_modulename}{$seo_delimiter}{$seo_page}{$seo_sitename}'),
('8', 'title_list', '{$seo_cattitle}{$seo_page}{$seo_modulename}{$seo_delimiter}{$seo_sitename}'),
('8', 'title_show', '{$seo_showtitle}{$seo_delimiter}{$seo_catname}{$seo_modulename}{$seo_delimiter}{$seo_sitename}'),
('8', 'keywords_index', ''),
('8', 'keywords_list', ''),
('8', 'keywords_show', ''),
('8', 'description_index', ''),
('8', 'description_list', ''),
('8', 'description_show', ''),
('8', 'module', 'exhibit'),
('9', 'check_add_resume', '2'),
('9', 'group_apply', '5'),
('9', 'group_search', '3,5,6,7'),
('9', 'group_contact', '5,6,7'),
('9', 'group_show', '3,5,6,7'),
('9', 'group_list', '3,5,6,7'),
('9', 'fee_back', '0'),
('9', 'fee_period', '0'),
('9', 'fee_view_resume', '0'),
('9', 'fee_add', '0'),
('9', 'fee_currency', 'money'),
('9', 'fee_mode', '1'),
('9', 'question_add', '2'),
('9', 'captcha_add', '2'),
('9', 'check_add', '2'),
('9', 'group_talent', '7'),
('9', 'group_search_resume', '3,5,6,7'),
('9', 'group_contact_resume', '7'),
('9', 'group_show_resume', '3,5,6,7'),
('9', 'group_refresh', '7'),
('9', 'group_color', '6,7'),
('9', 'group_index', '3,5,6,7'),
('9', 'seo_description_show', ''),
('9', 'seo_keywords_show', ''),
('9', 'seo_title_show', '{内容标题}{分隔符}{分类名称}{模块名称}{分隔符}{网站名称}'),
('9', 'seo_description_list', ''),
('9', 'seo_keywords_list', ''),
('9', 'seo_title_list', '{分类SEO标题}{页码}{模块名称}{分隔符}{网站名称}'),
('9', 'seo_description_index', ''),
('9', 'seo_keywords_index', ''),
('9', 'seo_title_index', '{模块名称}{分隔符}{页码}{网站名称}'),
('9', 'php_item_urlid', '0'),
('9', 'htm_item_urlid', '1'),
('9', 'htm_item_prefix', ''),
('9', 'show_html', '0'),
('9', 'php_list_urlid', '0'),
('9', 'htm_list_urlid', '0'),
('9', 'htm_list_prefix', ''),
('9', 'list_html', '0'),
('9', 'index_html', '0'),
('9', 'pagesize', '20'),
('9', 'max_width', '550'),
('9', 'page_iresume', '10'),
('9', 'page_ijob', '10'),
('9', 'level', '推荐'),
('9', 'split', '0'),
('9', 'cat_property', '0'),
('9', 'save_remotepic', '0'),
('9', 'clear_link', '0'),
('9', 'situation', '目前正在找工作|观望有好机会再考虑|半年内无换工作计划'),
('9', 'education', '不限|初中|高中|大专|本科|硕士|博士'),
('9', 'marriage', '不限|未婚|已婚'),
('9', 'gender', '不限|男士|女士'),
('9', 'type', '不限|全职|兼职|实习'),
('9', 'order', 'editdate desc,vip desc,edittime desc'),
('9', 'fields', 'itemid,title,linkurl,style,catid,areaid,introduce,addtime,edittime,username,company,groupid,vip,qq,msn,ali,skype,validated,minsalary,maxsalary'),
('9', 'editor', 'Destoon'),
('9', 'introduce_length', '120'),
('9', 'thumb_height', '140'),
('9', 'thumb_width', '100'),
('9', 'captcha_add_resume', '2'),
('9', 'question_add_resume', '2'),
('9', 'fee_add_resume', '0'),
('9', 'fee_view', '0'),
('9', 'credit_add', '2'),
('9', 'credit_del', '5'),
('9', 'credit_color', '100'),
('9', 'credit_refresh', '1'),
('9', 'credit_add_resume', '2'),
('9', 'credit_del_resume', '5'),
('9', 'title_index', '{$seo_modulename}{$seo_delimiter}{$seo_page}{$seo_sitename}'),
('9', 'title_list', '{$seo_cattitle}{$seo_page}{$seo_modulename}{$seo_delimiter}{$seo_sitename}'),
('9', 'title_show', '{$seo_showtitle}{$seo_delimiter}{$seo_catname}{$seo_modulename}{$seo_delimiter}{$seo_sitename}'),
('9', 'keywords_index', ''),
('9', 'keywords_list', ''),
('9', 'keywords_show', ''),
('9', 'description_index', ''),
('9', 'description_list', ''),
('9', 'description_show', ''),
('9', 'module', 'job'),
('10', 'credit_answer', '2'),
('10', 'credit_best', '20'),
('10', 'credit_hidden', '10'),
('10', 'credit_color', '100'),
('10', 'credit_del', '20'),
('10', 'credit_add', '0'),
('10', 'pre_view', '500'),
('10', 'fee_back', '0'),
('10', 'fee_period', '0'),
('10', 'fee_view', '0'),
('10', 'fee_add', '0'),
('10', 'fee_currency', 'money'),
('10', 'fee_mode', '1'),
('10', 'question_answer', '2'),
('10', 'captcha_answer', '2'),
('10', 'check_answer', '2'),
('10', 'group_vote', '3,5,6,7'),
('10', 'group_answer', '3,5,6,7'),
('10', 'question_add', '2'),
('10', 'captcha_add', '2'),
('10', 'check_add', '2'),
('10', 'group_color', '6,7'),
('10', 'group_search', '3,5,6,7'),
('10', 'group_show', '3,5,6,7'),
('10', 'group_list', '3,5,6,7'),
('10', 'group_index', '3,5,6,7'),
('10', 'seo_description_show', ''),
('10', 'seo_keywords_show', ''),
('10', 'seo_title_show', '{内容标题}{分隔符}{分类名称}{模块名称}{分隔符}{网站名称}'),
('10', 'seo_description_list', ''),
('10', 'seo_keywords_list', ''),
('10', 'seo_title_list', '{分类SEO标题}{页码}{模块名称}{分隔符}{网站名称}'),
('10', 'seo_description_index', ''),
('10', 'seo_keywords_index', ''),
('10', 'seo_title_index', '{模块名称}{分隔符}{页码}{网站名称}'),
('10', 'php_item_urlid', '0'),
('10', 'htm_item_urlid', '1'),
('10', 'htm_item_prefix', ''),
('10', 'show_html', '0'),
('10', 'php_list_urlid', '0'),
('10', 'htm_list_urlid', '0'),
('10', 'htm_list_prefix', ''),
('10', 'list_html', '0'),
('10', 'index_html', '0'),
('10', 'max_width', '550'),
('10', 'answer_pagesize', '10'),
('10', 'pagesize', '20'),
('10', 'page_iexpert', '2'),
('10', 'page_iresolve', '8'),
('10', 'page_ivote', '8'),
('10', 'page_isolve', '8'),
('10', 'page_irec', '8'),
('10', 'messagedays', '14'),
('10', 'highcredit', '20'),
('10', 'raisecredit', '20'),
('10', 'raisedays', '3'),
('10', 'maxraise', '2'),
('10', 'overdays', '15'),
('10', 'votedays', '5'),
('10', 'minvote', '3'),
('10', 'answer_message', '1'),
('10', 'credits', '0|5|10|15|20|30|50|80|100'),
('10', 'level', '精彩推荐'),
('10', 'fulltext', '0'),
('10', 'split', '0'),
('10', 'keylink', '1'),
('10', 'clear_link', '0'),
('10', 'clear_alink', '1'),
('10', 'cat_property', '0'),
('10', 'save_remotepic', '0'),
('10', 'fields', 'itemid,title,thumb,linkurl,style,catid,introduce,addtime,edittime,username,answer,process,credit'),
('10', 'order', 'addtime desc'),
('10', 'editor', 'Simple'),
('10', 'introduce_length', '0'),
('10', 'thumb_height', '90'),
('10', 'thumb_width', '120'),
('10', 'credit_maxanswer', '50'),
('10', 'credit_vote', '1'),
('10', 'credit_maxvote', '30'),
('10', 'credit_del_answer', '5'),
('10', 'credit_deal', '20'),
('10', 'title_index', '{$seo_modulename}{$seo_delimiter}{$seo_page}{$seo_sitename}'),
('10', 'title_list', '{$seo_cattitle}{$seo_page}{$seo_modulename}{$seo_delimiter}{$seo_sitename}'),
('10', 'title_show', '{$seo_showtitle}{$seo_delimiter}{$seo_catname}{$seo_modulename}{$seo_delimiter}{$seo_sitename}'),
('10', 'keywords_index', ''),
('10', 'keywords_list', ''),
('10', 'keywords_show', ''),
('10', 'description_index', ''),
('10', 'description_list', ''),
('10', 'description_show', ''),
('10', 'module', 'know'),
('11', 'credit_add', '2'),
('11', 'group_search', '3,5,6,7'),
('11', 'group_show', '3,5,6,7'),
('11', 'group_list', '3,5,6,7'),
('11', 'group_index', '3,5,6,7'),
('11', 'seo_description_show', ''),
('11', 'seo_keywords_show', ''),
('11', 'seo_title_show', '{内容标题}{分隔符}{分类名称}{模块名称}{分隔符}{网站名称}'),
('11', 'seo_description_list', ''),
('11', 'seo_keywords_list', ''),
('11', 'seo_title_list', '{分类SEO标题}{页码}{模块名称}{分隔符}{网站名称}'),
('11', 'seo_description_index', ''),
('11', 'seo_keywords_index', ''),
('11', 'seo_title_index', '{模块名称}{分隔符}{页码}{网站名称}'),
('11', 'php_item_urlid', '0'),
('11', 'htm_item_urlid', '1'),
('11', 'htm_item_prefix', ''),
('11', 'show_html', '0'),
('11', 'htm_list_urlid', '0'),
('11', 'php_list_urlid', '0'),
('11', 'htm_list_prefix', ''),
('11', 'list_html', '0'),
('11', 'index_html', '0'),
('11', 'pagesize', '20'),
('11', 'page_icat', '8'),
('11', 'level_item', '推荐信息|幻灯图片|推荐图文|头条相关|头条推荐|视频报道'),
('11', 'level', '推荐专题|暂未指定|推荐图文|头条相关|头条推荐'),
('11', 'fulltext', '0'),
('11', 'split', '0'),
('11', 'clear_link', '0'),
('11', 'cat_property', '0'),
('11', 'save_remotepic', '0'),
('11', 'fields', 'itemid,title,thumb,linkurl,style,catid,introduce,addtime,edittime'),
('11', 'editor', 'Destoon'),
('11', 'order', 'addtime desc'),
('11', 'introduce_length', '120'),
('11', 'banner_height', '200'),
('11', 'banner_width', '960'),
('11', 'thumb_height', '90'),
('11', 'thumb_width', '120'),
('11', 'credit_del', '5'),
('11', 'title_index', '{$seo_modulename}{$seo_delimiter}{$seo_page}{$seo_sitename}'),
('11', 'title_list', '{$seo_cattitle}{$seo_page}{$seo_modulename}{$seo_delimiter}{$seo_sitename}'),
('11', 'title_show', '{$seo_showtitle}{$seo_delimiter}{$seo_catname}{$seo_modulename}{$seo_delimiter}{$seo_sitename}'),
('11', 'keywords_index', ''),
('11', 'keywords_list', ''),
('11', 'keywords_show', ''),
('11', 'description_index', ''),
('11', 'description_list', ''),
('11', 'description_show', ''),
('11', 'module', 'special'),
('12', 'fee_period', '0'),
('12', 'fee_view', '0'),
('12', 'fee_add', '0'),
('12', 'fee_currency', 'money'),
('12', 'fee_mode', '1'),
('12', 'question_add', '2'),
('12', 'captcha_add', '2'),
('12', 'check_add', '2'),
('12', 'group_color', '6,7'),
('12', 'group_search', '3,5,6,7'),
('12', 'group_show', '3,5,6,7'),
('12', 'group_list', '3,5,6,7'),
('12', 'group_index', '3,5,6,7'),
('12', 'seo_description_show', ''),
('12', 'seo_keywords_show', ''),
('12', 'seo_title_show', '{内容标题}{分隔符}{分类名称}{模块名称}{分隔符}{网站名称}'),
('12', 'seo_description_list', ''),
('12', 'seo_keywords_list', ''),
('12', 'seo_title_list', '{分类SEO标题}{页码}{模块名称}{分隔符}{网站名称}'),
('12', 'seo_description_index', ''),
('12', 'seo_keywords_index', ''),
('12', 'seo_title_index', '{模块名称}{分隔符}{页码}{网站名称}'),
('12', 'php_item_urlid', '0'),
('12', 'htm_item_urlid', '1'),
('12', 'htm_item_prefix', ''),
('12', 'show_html', '0'),
('12', 'php_list_urlid', '0'),
('12', 'htm_list_urlid', '0'),
('12', 'htm_list_prefix', ''),
('12', 'list_html', '0'),
('12', 'index_html', '0'),
('12', 'swfu_max', '20'),
('12', 'max_width', '800'),
('12', 'pagesize', '18'),
('12', 'page_irec', '4'),
('12', 'page_icat', '2'),
('12', 'page_islide', '3'),
('12', 'level', '推荐图库|幻灯图片|推荐图文|头条相关|头条推荐'),
('12', 'fulltext', '0'),
('12', 'split', '0'),
('12', 'keylink', '0'),
('12', 'clear_link', '0'),
('12', 'save_remotepic', '0'),
('12', 'cat_property', '0'),
('12', 'fields', 'itemid,title,thumb,linkurl,style,catid,introduce,addtime,edittime,username,items,open'),
('12', 'introduce_length', '120'),
('12', 'editor', 'Simple'),
('12', 'order', 'addtime desc'),
('12', 'maxitem', '30'),
('12', 'thumb_height', '90'),
('12', 'thumb_width', '120'),
('12', 'template_my', ''),
('12', 'template_search', ''),
('12', 'template_show', ''),
('12', 'template_list', ''),
('12', 'template_index', ''),
('12', 'fee_back', '0'),
('12', 'pre_view', '500'),
('12', 'credit_add', '2'),
('12', 'credit_del', '5'),
('12', 'credit_color', '100'),
('12', 'title_index', '{$seo_modulename}{$seo_delimiter}{$seo_page}{$seo_sitename}'),
('12', 'title_list', '{$seo_cattitle}{$seo_page}{$seo_modulename}{$seo_delimiter}{$seo_sitename}'),
('12', 'title_show', '{$seo_showtitle}{$seo_delimiter}{$seo_catname}{$seo_modulename}{$seo_delimiter}{$seo_sitename}'),
('12', 'keywords_index', ''),
('12', 'keywords_list', ''),
('12', 'keywords_show', ''),
('12', 'description_index', ''),
('12', 'description_list', ''),
('12', 'description_show', ''),
('12', 'module', 'photo'),
('13', 'fee_back', '0'),
('13', 'fee_period', '0'),
('13', 'fee_add', '0'),
('13', 'fee_currency', 'money'),
('13', 'fee_mode', '1'),
('13', 'question_add', '2'),
('13', 'captcha_add', '2'),
('13', 'check_add', '2'),
('13', 'question_message', '2'),
('13', 'captcha_message', '2'),
('13', 'group_refresh', '7'),
('13', 'group_color', '6,7'),
('13', 'group_search', '3,5,6,7'),
('13', 'group_contact', '6,7'),
('13', 'group_show', '3,5,6,7'),
('13', 'group_list', '3,5,6,7'),
('13', 'group_index', '3,5,6,7'),
('13', 'seo_description_show', ''),
('13', 'seo_keywords_show', ''),
('13', 'seo_title_show', '{内容标题}{分隔符}{分类名称}{模块名称}{分隔符}{网站名称}'),
('13', 'seo_description_list', ''),
('13', 'seo_keywords_list', ''),
('13', 'seo_title_list', '{分类SEO标题}{页码}{模块名称}{分隔符}{网站名称}'),
('13', 'seo_description_index', ''),
('13', 'seo_keywords_index', ''),
('13', 'seo_title_index', '{模块名称}{分隔符}{页码}{网站名称}'),
('13', 'php_item_urlid', '0'),
('13', 'htm_item_urlid', '1'),
('13', 'htm_item_prefix', ''),
('13', 'show_html', '0'),
('13', 'php_list_urlid', '0'),
('13', 'htm_list_urlid', '0'),
('13', 'htm_list_prefix', ''),
('13', 'list_html', '0'),
('13', 'index_html', '0'),
('13', 'page_subcat', '6'),
('13', 'max_width', '550'),
('13', 'pagesize', '20'),
('13', 'page_icat', '6'),
('13', 'keylink', '0'),
('13', 'split', '0'),
('13', 'fulltext', '0'),
('13', 'level', '推荐品牌'),
('13', 'page_irec', '20'),
('13', 'cat_property', '0'),
('13', 'save_remotepic', '0'),
('13', 'clear_link', '0'),
('13', 'message_ask', '请问我这个地方有加盟商了吗？|我想加盟，请来电话告诉我具体细节。|初步打算加盟贵公司，请寄资料。|请问贵公司哪里有样板店或直营店？|想了解加盟细节，请尽快寄一份资料。 '),
('13', 'fields', 'itemid,title,thumb,linkurl,style,catid,areaid,introduce,addtime,edittime,username,company,groupid,vip,qq,msn,ali,skype,validated'),
('13', 'editor', 'Destoon'),
('13', 'order', 'editdate desc,vip desc,edittime desc'),
('13', 'thumb_height', '60'),
('13', 'introduce_length', '120'),
('13', 'thumb_width', '180'),
('13', 'template_message', ''),
('13', 'template_my', ''),
('13', 'template_search', ''),
('13', 'template_product', ''),
('13', 'template_show', ''),
('13', 'template_list', ''),
('13', 'template_index', ''),
('13', 'fee_view', '0'),
('13', 'credit_add', '2'),
('13', 'credit_del', '5'),
('13', 'credit_color', '100'),
('13', 'credit_refresh', '1'),
('13', 'title_index', '{$seo_modulename}{$seo_delimiter}{$seo_page}{$seo_sitename}'),
('13', 'title_list', '{$seo_cattitle}{$seo_page}{$seo_modulename}{$seo_delimiter}{$seo_sitename}'),
('13', 'title_show', '{$seo_showtitle}{$seo_delimiter}{$seo_catname}{$seo_modulename}{$seo_delimiter}{$seo_sitename}'),
('13', 'keywords_index', '{$seo_modulename}{$seo_sitename}{$seo_sitetitle}'),
('13', 'keywords_list', ''),
('13', 'keywords_show', ''),
('13', 'description_index', '{$seo_modulename}{$seo_sitename}{$seo_sitetitle}'),
('13', 'description_list', ''),
('13', 'description_show', ''),
('13', 'module', 'brand'),
('14', 'fee_mode', '1'),
('14', 'question_add', '2'),
('14', 'captcha_add', '2'),
('14', 'check_add', '2'),
('14', 'question_message', '2'),
('14', 'captcha_message', '2'),
('14', 'group_upload', '6,7'),
('14', 'group_color', '6,7'),
('14', 'group_search', '3,5,6,7'),
('14', 'group_show', '3,5,6,7'),
('14', 'group_list', '3,5,6,7'),
('14', 'group_index', '3,5,6,7'),
('14', 'seo_description_show', ''),
('14', 'seo_keywords_show', ''),
('14', 'seo_description_list', ''),
('14', 'seo_title_show', '{内容标题}{分隔符}{分类名称}{模块名称}{分隔符}{网站名称}'),
('14', 'seo_keywords_list', ''),
('14', 'seo_title_list', '{分类SEO标题}{页码}{模块名称}{分隔符}{网站名称}'),
('14', 'seo_description_index', ''),
('14', 'seo_keywords_index', ''),
('14', 'seo_title_index', '{模块名称}{分隔符}{页码}{网站名称}'),
('14', 'php_item_urlid', '0'),
('14', 'htm_item_urlid', '1'),
('14', 'htm_item_prefix', ''),
('14', 'show_html', '0'),
('14', 'php_list_urlid', '0'),
('14', 'htm_list_urlid', '0'),
('14', 'htm_list_prefix', ''),
('14', 'list_html', '0'),
('14', 'index_html', '0'),
('14', 'max_width', '550'),
('14', 'pagesize', '20'),
('14', 'page_icat', '4'),
('14', 'page_irec', '8'),
('14', 'swfu', '1'),
('14', 'upload', 'flv|swf|mp4|wmv'),
('14', 'flvend', ''),
('14', 'flvstart', ''),
('14', 'flvlink', ''),
('14', 'flvmargin', '10 auto auto 10'),
('14', 'autostart', '1'),
('14', 'flvlogo', 'video.png'),
('14', 'player', 'FlashPlayer|MediaPlayer|RealPlayer'),
('14', 'level', '推荐视频'),
('14', 'fulltext', '0'),
('14', 'split', '0'),
('14', 'keylink', '0'),
('14', 'clear_link', '0'),
('14', 'save_remotepic', '0'),
('14', 'cat_property', '0'),
('14', 'order', 'addtime desc'),
('14', 'fields', 'itemid,title,thumb,linkurl,style,catid,introduce,addtime,edittime,username,hits'),
('14', 'video_height', '400'),
('14', 'introduce_length', '120'),
('14', 'editor', 'Destoon'),
('14', 'video_width', '480'),
('14', 'thumb_height', '90'),
('14', 'thumb_width', '120'),
('14', 'template_my', ''),
('14', 'template_search', ''),
('14', 'template_show', ''),
('14', 'template_list', ''),
('14', 'template_index', ''),
('14', 'fee_currency', 'money'),
('14', 'fee_add', '0'),
('14', 'fee_view', '0'),
('14', 'fee_period', '0'),
('14', 'fee_back', '0'),
('14', 'credit_add', '2'),
('14', 'credit_del', '5'),
('14', 'credit_color', '100'),
('14', 'title_index', '{$seo_modulename}{$seo_delimiter}{$seo_page}{$seo_sitename}'),
('14', 'title_list', '{$seo_cattitle}{$seo_page}{$seo_modulename}{$seo_delimiter}{$seo_sitename}'),
('14', 'title_show', '{$seo_showtitle}{$seo_delimiter}{$seo_catname}{$seo_modulename}{$seo_delimiter}{$seo_sitename}'),
('14', 'keywords_index', ''),
('14', 'keywords_list', ''),
('14', 'keywords_show', ''),
('14', 'description_index', ''),
('14', 'description_list', ''),
('14', 'description_show', ''),
('14', 'module', 'video'),
('15', 'fee_currency', 'money'),
('15', 'fee_mode', '1'),
('15', 'question_add', '2'),
('15', 'captcha_add', '2'),
('15', 'check_add', '2'),
('15', 'question_message', '2'),
('15', 'captcha_message', '2'),
('15', 'group_upload', '6,7'),
('15', 'group_color', '6,7'),
('15', 'group_search', '3,5,6,7'),
('15', 'group_contact', '5,6,7'),
('15', 'group_show', '3,5,6,7'),
('15', 'group_list', '3,5,6,7'),
('15', 'group_index', '3,5,6,7'),
('15', 'seo_description_show', ''),
('15', 'seo_title_show', '{内容标题}{分隔符}{分类名称}{模块名称}{分隔符}{网站名称}'),
('15', 'seo_keywords_show', ''),
('15', 'seo_description_list', ''),
('15', 'seo_keywords_list', ''),
('15', 'seo_description_index', ''),
('15', 'seo_title_list', '{分类SEO标题}{页码}{模块名称}{分隔符}{网站名称}'),
('15', 'seo_keywords_index', ''),
('15', 'seo_title_index', '{模块名称}{分隔符}{页码}{网站名称}'),
('15', 'php_item_urlid', '0'),
('15', 'htm_item_urlid', '1'),
('15', 'htm_item_prefix', ''),
('15', 'show_html', '0'),
('15', 'php_list_urlid', '0'),
('15', 'htm_list_urlid', '0'),
('15', 'htm_list_prefix', ''),
('15', 'list_html', '0'),
('15', 'index_html', '0'),
('15', 'max_width', '550'),
('15', 'pagesize', '20'),
('15', 'page_icat', '10'),
('15', 'page_irec', '8'),
('15', 'swfu', '0'),
('15', 'upload', 'rar|zip|pdf|jpg|gif|png|doc|ppt|xls|docx|pptx|xlsx'),
('15', 'readsize', '10'),
('15', 'level', '推荐下载'),
('15', 'fulltext', '0'),
('15', 'split', '0'),
('15', 'keylink', '0'),
('15', 'cat_property', '0'),
('15', 'save_remotepic', '0'),
('15', 'clear_link', '0'),
('15', 'fields', 'itemid,title,thumb,linkurl,style,catid,introduce,addtime,edittime,username,fileext,filesize,unit'),
('15', 'order', 'addtime desc'),
('15', 'editor', 'Destoon'),
('15', 'introduce_length', '120'),
('15', 'thumb_height', '90'),
('15', 'thumb_width', '120'),
('15', 'template_my', ''),
('15', 'template_search', ''),
('15', 'template_show', ''),
('15', 'template_list', ''),
('15', 'template_index', ''),
('15', 'fee_add', '0'),
('15', 'fee_view', '0'),
('15', 'fee_period', '0'),
('15', 'fee_back', '0'),
('15', 'credit_add', '2'),
('15', 'credit_del', '5'),
('15', 'credit_color', '100'),
('15', 'title_index', '{$seo_modulename}{$seo_delimiter}{$seo_page}{$seo_sitename}'),
('15', 'title_list', '{$seo_cattitle}{$seo_page}{$seo_modulename}{$seo_delimiter}{$seo_sitename}'),
('15', 'title_show', '{$seo_showtitle}{$seo_delimiter}{$seo_catname}{$seo_modulename}{$seo_delimiter}{$seo_sitename}'),
('15', 'keywords_index', ''),
('15', 'keywords_list', ''),
('15', 'keywords_show', ''),
('15', 'description_index', ''),
('15', 'description_list', ''),
('15', 'description_show', ''),
('15', 'module', 'down'),
('16', 'credit_refresh', '1'),
('16', 'credit_elite', '100'),
('16', 'credit_color', '100'),
('16', 'credit_del', '5'),
('16', 'credit_add', '2'),
('16', 'fee_back', '0'),
('16', 'fee_period', '0'),
('16', 'fee_view', '0'),
('16', 'fee_add', '0'),
('16', 'fee_currency', 'money'),
('16', 'fee_mode', '1'),
('16', 'question_add', '2'),
('16', 'captcha_add', '2'),
('16', 'check_add', '2'),
('16', 'question_inquiry', '2'),
('16', 'captcha_inquiry', '2'),
('16', 'group_elite', '3,5,6,7'),
('16', 'group_compare', '3,5,6,7'),
('16', 'group_refresh', '7'),
('16', 'group_color', '6,7'),
('16', 'group_search', '3,5,6,7'),
('16', 'group_contact', '3,5,6,7'),
('16', 'group_show', '3,5,6,7'),
('16', 'group_list', '3,5,6,7'),
('16', 'group_index', '3,5,6,7'),
('16', 'seo_description_show', ''),
('16', 'seo_keywords_show', ''),
('16', 'seo_title_show', '{内容标题}{分隔符}{分类名称}{模块名称}{分隔符}{网站名称}'),
('16', 'seo_description_list', ''),
('16', 'seo_keywords_list', ''),
('16', 'seo_title_list', '{分类SEO标题}{页码}{模块名称}{分隔符}{网站名称}'),
('16', 'seo_description_index', ''),
('16', 'seo_keywords_index', ''),
('16', 'seo_title_index', '{模块名称}{分隔符}{页码}{网站名称}'),
('16', 'php_item_urlid', '0'),
('16', 'htm_item_prefix', ''),
('16', 'htm_item_urlid', '1'),
('16', 'show_html', '0'),
('16', 'php_list_urlid', '0'),
('16', 'htm_list_urlid', '0'),
('16', 'htm_list_prefix', ''),
('16', 'list_html', '0'),
('16', 'index_html', '0'),
('16', 'page_subcat', '5'),
('16', 'max_width', '900'),
('16', 'pagesize', '20'),
('16', 'page_inew', '12'),
('16', 'page_irec', '5'),
('16', 'max_cart', '30'),
('16', 'checkorder', '1'),
('16', 'swfu', '2'),
('16', 'level', '推荐商品'),
('16', 'fulltext', '0'),
('16', 'split', '0'),
('16', 'keylink', '0'),
('16', 'clear_link', '0'),
('16', 'thumb_width', '100'),
('16', 'thumb_height', '100'),
('16', 'introduce_length', '0'),
('16', 'editor', 'Destoon'),
('16', 'order', 'editdate desc,vip desc,edittime desc'),
('16', 'fields', 'itemid,title,thumb,linkurl,style,catid,areaid,brand,addtime,edittime,username,company,groupid,vip,qq,msn,ali,skype,validated,price,amount,orders,comments'),
('16', 'cat_property', '0'),
('16', 'save_remotepic', '0'),
('16', 'title_index', '{$seo_modulename}{$seo_delimiter}{$seo_page}{$seo_sitename}'),
('16', 'title_list', '{$seo_catname}{$seo_cattitle}{$seo_page}{$seo_modulename}{$seo_delimiter}{$seo_sitename}{$seo_cattitle}{$seo_modulename}{$seo_sitename}{$seo_page}'),
('16', 'title_show', '{$seo_showtitle}{$seo_delimiter}{$seo_catname}{$seo_modulename}{$seo_delimiter}{$seo_sitename}'),
('16', 'keywords_index', '{$seo_modulename}{$seo_sitename}{$seo_sitetitle}'),
('16', 'keywords_list', ''),
('16', 'keywords_show', ''),
('16', 'description_index', '{$seo_modulename}{$seo_sitename}{$seo_sitetitle}'),
('16', 'description_list', ''),
('16', 'description_show', '{$seo_showtitle}{$seo_showintroduce}{$seo_catname}{$seo_catdescription}{$seo_modulename}{$seo_sitename}{$seo_sitedescription}'),
('16', 'module', 'mall'),
('17', 'credit_add', '2'),
('17', 'fee_back', '0'),
('17', 'fee_period', '0'),
('17', 'fee_view', '0'),
('17', 'fee_add', '0'),
('17', 'fee_currency', 'money'),
('17', 'fee_mode', '1'),
('17', 'question_add', '2'),
('17', 'captcha_add', '2'),
('17', 'check_add', '2'),
('17', 'question_inquiry', '2'),
('17', 'captcha_inquiry', '2'),
('17', 'group_refresh', '7'),
('17', 'group_color', '6,7'),
('17', 'group_search', '3,5,6,7'),
('17', 'group_contact', '3,5,6,7'),
('17', 'group_show', '3,5,6,7'),
('17', 'group_list', '3,5,6,7'),
('17', 'group_index', '3,5,6,7'),
('17', 'seo_description_show', ''),
('17', 'seo_keywords_show', ''),
('17', 'seo_title_show', '{内容标题}{分隔符}{分类名称}{模块名称}{分隔符}{网站名称}'),
('17', 'seo_description_list', ''),
('17', 'seo_keywords_list', ''),
('17', 'seo_title_list', '{分类SEO标题}{页码}{模块名称}{分隔符}{网站名称}'),
('17', 'seo_description_index', ''),
('17', 'seo_keywords_index', ''),
('17', 'seo_title_index', '{模块名称}{分隔符}{页码}{网站名称}'),
('17', 'php_item_urlid', '0'),
('17', 'htm_item_urlid', '1'),
('17', 'htm_item_prefix', ''),
('17', 'show_html', '0'),
('17', 'php_list_urlid', '0'),
('17', 'htm_list_urlid', '0'),
('17', 'htm_list_prefix', ''),
('17', 'list_html', '0'),
('17', 'index_html', '0'),
('17', 'page_subcat', '9'),
('17', 'max_width', '550'),
('17', 'pagesize', '9'),
('17', 'swfu', '2'),
('17', 'level', '推荐团购'),
('17', 'fulltext', '0'),
('17', 'split', '0'),
('17', 'keylink', '0'),
('17', 'clear_link', '0'),
('17', 'cat_property', '0'),
('17', 'save_remotepic', '0'),
('17', 'fields', 'itemid,title,thumb,linkurl,style,catid,areaid,introduce,addtime,edittime,username,company,groupid,vip,qq,msn,ali,skype,validated,price,marketprice,savemoney,discount,sales,orders,minamount,amount'),
('17', 'order', 'addtime desc'),
('17', 'editor', 'Destoon'),
('17', 'introduce_length', '120'),
('17', 'thumb_height', '300'),
('17', 'thumb_width', '400'),
('17', 'credit_del', '5'),
('17', 'credit_color', '100'),
('17', 'credit_refresh', '1'),
('17', 'title_index', '{$seo_modulename}{$seo_delimiter}{$seo_page}{$seo_sitename}'),
('17', 'title_list', '{$seo_cattitle}{$seo_page}{$seo_modulename}{$seo_delimiter}{$seo_sitename}'),
('17', 'title_show', '{$seo_showtitle}{$seo_delimiter}{$seo_catname}{$seo_modulename}{$seo_delimiter}{$seo_sitename}'),
('17', 'keywords_index', ''),
('17', 'keywords_list', ''),
('17', 'keywords_show', ''),
('17', 'description_index', ''),
('17', 'description_list', ''),
('17', 'description_show', ''),
('17', 'module', 'group'),
('21', 'pre_view', '500'),
('21', 'fee_back', '0'),
('21', 'fee_period', '0'),
('21', 'fee_view', '0'),
('21', 'fee_add', '0'),
('21', 'fee_currency', 'money'),
('21', 'fee_mode', '1'),
('21', 'question_add', '2'),
('21', 'captcha_add', '2'),
('21', 'check_add', '2'),
('21', 'group_color', '6,7'),
('21', 'group_list', '3,5,6,7'),
('21', 'group_show', '3,5,6,7'),
('21', 'group_search', '3,5,6,7'),
('21', 'seo_keywords_show', ''),
('21', 'seo_description_show', ''),
('21', 'group_index', '3,5,6,7'),
('21', 'seo_title_show', '{内容标题}{分隔符}{分类名称}{模块名称}{分隔符}{网站名称}'),
('21', 'seo_keywords_list', ''),
('21', 'seo_description_list', ''),
('21', 'seo_title_list', '{分类SEO标题}{页码}{模块名称}{分隔符}{网站名称}'),
('21', 'seo_description_index', ''),
('21', 'seo_keywords_index', ''),
('21', 'seo_title_index', '{模块名称}{分隔符}{页码}{网站名称}'),
('21', 'php_item_urlid', '0'),
('21', 'htm_item_urlid', '1'),
('21', 'htm_item_prefix', ''),
('21', 'show_html', '0'),
('21', 'php_list_urlid', '0'),
('21', 'htm_list_urlid', '0'),
('21', 'htm_list_prefix', ''),
('21', 'list_html', '0'),
('21', 'index_html', '0'),
('21', 'show_np', '1'),
('21', 'max_width', '550'),
('21', 'page_shits', '10'),
('21', 'page_srec', '10'),
('21', 'page_srecimg', '4'),
('21', 'page_srelate', '10'),
('21', 'page_lhits', '10'),
('21', 'page_lrec', '10'),
('21', 'page_lrecimg', '4'),
('21', 'show_icat', '1'),
('21', 'page_irecimg', '6'),
('21', 'page_ihits', '10'),
('21', 'pagesize', '20'),
('21', 'page_child', '6'),
('21', 'show_lcat', '1'),
('21', 'page_icat', '6'),
('21', 'page_islide', '3'),
('21', 'swfu', '2'),
('21', 'level', '推荐文章|幻灯图片|推荐图文|头条相关|头条推荐'),
('21', 'fulltext', '1'),
('21', 'save_remotepic', '0'),
('21', 'clear_link', '0'),
('21', 'keylink', '1'),
('21', 'split', '0'),
('21', 'cat_property', '1'),
('22', 'fee_back', '0'),
('22', 'fee_period', '0'),
('22', 'fee_view', '0'),
('22', 'fee_add', '0'),
('22', 'fee_currency', 'money'),
('22', 'fee_mode', '1'),
('22', 'question_add', '2'),
('22', 'captcha_add', '2'),
('22', 'check_add', '2'),
('22', 'question_message', '2'),
('22', 'captcha_message', '2'),
('22', 'group_refresh', '7'),
('22', 'group_color', '6,7'),
('22', 'group_search', '3,5,6,7'),
('22', 'group_contact', '6,7'),
('22', 'group_show', '3,5,6,7'),
('22', 'group_list', '3,5,6,7'),
('22', 'group_index', '3,5,6,7'),
('22', 'seo_description_show', ''),
('22', 'seo_keywords_show', ''),
('22', 'seo_title_show', '{内容标题}{分隔符}{分类名称}{模块名称}{分隔符}{网站名称}'),
('22', 'seo_description_list', ''),
('22', 'seo_keywords_list', ''),
('22', 'seo_title_list', '{分类SEO标题}{页码}{模块名称}{分隔符}{网站名称}'),
('22', 'seo_description_index', ''),
('22', 'seo_keywords_index', ''),
('22', 'seo_title_index', '{模块名称}{分隔符}{页码}{网站名称}'),
('22', 'php_item_urlid', '0'),
('22', 'htm_item_urlid', '1'),
('22', 'htm_item_prefix', ''),
('22', 'show_html', '0'),
('22', 'php_list_urlid', '0'),
('22', 'htm_list_urlid', '0'),
('22', 'htm_list_prefix', ''),
('22', 'list_html', '0'),
('22', 'index_html', '0'),
('22', 'page_subcat', '5'),
('22', 'max_width', '550'),
('22', 'page_srelate', '10'),
('22', 'show_message', '1'),
('22', 'page_lkw', '10'),
('22', 'show_larea', '1'),
('22', 'show_lcat', '1'),
('22', 'pagesize', '20'),
('22', 'page_ihits', '10'),
('22', 'show_iarea', '1'),
('22', 'show_icat', '1'),
('22', 'page_icat', '8'),
('22', 'page_irec', '8'),
('22', 'swfu', '2'),
('22', 'clear_link', '0'),
('22', 'keylink', '0'),
('22', 'split', '0'),
('22', 'fulltext', '0'),
('22', 'level', '推荐信息'),
('22', 'cat_property', '0'),
('22', 'save_remotepic', '0');
INSERT INTO `vg_setting` (`item`, `item_key`, `item_value`) VALUES
('22', 'message_ask', '请问我这个地方有加盟商了吗？|我想加盟，请来电话告诉我具体细节。|初步打算加盟贵公司，请寄资料。|请问贵公司哪里有样板店或直营店？|想了解加盟细节，请尽快寄一份资料。 '),
('22', 'order', 'edittime desc'),
('22', 'fields', 'itemid,title,thumb,linkurl,style,catid,areaid,introduce,addtime,edittime,username,company,groupid,vip,qq,msn,ali,skype,validated,islink'),
('22', 'thumb_height', '100'),
('22', 'introduce_length', '120'),
('22', 'editor', 'Destoon'),
('22', 'thumb_width', '100'),
('22', 'template_message', ''),
('22', 'template_my', ''),
('22', 'template_search', ''),
('22', 'template_show', ''),
('22', 'template_list', ''),
('22', 'template_index', ''),
('22', 'credit_add', '2'),
('22', 'credit_del', '5'),
('22', 'credit_color', '100'),
('22', 'credit_refresh', '1'),
('22', 'title_index', '{$seo_modulename}{$seo_delimiter}{$seo_page}{$seo_sitename}'),
('22', 'title_list', '{$seo_cattitle}{$seo_page}{$seo_modulename}{$seo_delimiter}{$seo_sitename}'),
('22', 'title_show', '{$seo_showtitle}{$seo_delimiter}{$seo_catname}{$seo_modulename}{$seo_delimiter}{$seo_sitename}'),
('22', 'keywords_index', ''),
('22', 'keywords_list', ''),
('22', 'keywords_show', ''),
('22', 'description_index', ''),
('22', 'description_list', ''),
('22', 'description_show', ''),
('22', 'module', 'info'),
('pay-tenpay', 'percent', '1'),
('pay-tenpay', 'notify', ''),
('pay-tenpay', 'keycode', ''),
('pay-tenpay', 'partnerid', ''),
('pay-tenpay', 'order', '1'),
('pay-tenpay', 'name', '财付通'),
('pay-tenpay', 'enable', '0'),
('pay-alipay', 'percent', '1'),
('pay-alipay', 'notify', ''),
('pay-alipay', 'keycode', ''),
('pay-alipay', 'partnerid', ''),
('pay-alipay', 'email', ''),
('pay-alipay', 'order', '2'),
('pay-alipay', 'name', '支付宝'),
('pay-alipay', 'enable', '0'),
('pay-chinabank', 'percent', '1'),
('pay-chinabank', 'keycode', ''),
('pay-chinabank', 'partnerid', ''),
('pay-chinabank', 'order', '3'),
('pay-chinabank', 'name', '网银在线'),
('pay-chinabank', 'enable', '0'),
('pay-yeepay', 'percent', '1'),
('pay-yeepay', 'keycode', ''),
('pay-yeepay', 'partnerid', ''),
('pay-yeepay', 'order', '4'),
('pay-yeepay', 'name', '易宝支付'),
('pay-yeepay', 'enable', '0'),
('pay-kq99bill', 'percent', '1'),
('pay-kq99bill', 'notify', ''),
('pay-kq99bill', 'cert', ''),
('pay-kq99bill', 'partnerid', ''),
('pay-kq99bill', 'order', '5'),
('pay-kq99bill', 'name', '快钱支付'),
('pay-kq99bill', 'enable', '0'),
('pay-chinapay', 'percent', '1'),
('pay-chinapay', 'partnerid', ''),
('pay-chinapay', 'order', '6'),
('pay-chinapay', 'name', '中国银联'),
('pay-chinapay', 'enable', '0'),
('pay-paypal', 'percent', '0'),
('pay-paypal', 'currency', 'USD'),
('pay-paypal', 'partnerid', ''),
('pay-paypal', 'order', '7'),
('pay-paypal', 'name', '贝宝'),
('pay-paypal', 'enable', '0'),
('oauth-qq', 'sync', '0'),
('oauth-qq', 'key', ''),
('oauth-qq', 'id', ''),
('oauth-qq', 'order', '1'),
('oauth-qq', 'name', 'QQ登录'),
('oauth-qq', 'enable', '1'),
('oauth-sina', 'sync', '0'),
('oauth-sina', 'key', ''),
('oauth-sina', 'id', ''),
('oauth-sina', 'order', '2'),
('oauth-sina', 'name', '新浪微博'),
('oauth-sina', 'enable', '0'),
('oauth-baidu', 'key', ''),
('oauth-baidu', 'id', ''),
('oauth-baidu', 'order', '3'),
('oauth-baidu', 'name', '百度'),
('oauth-baidu', 'enable', '0'),
('oauth-netease', 'order', '4'),
('oauth-netease', 'name', '网易通行证'),
('oauth-netease', 'enable', '0'),
('oauth-msn', 'key', ''),
('oauth-msn', 'id', ''),
('oauth-msn', 'order', '5'),
('oauth-msn', 'name', 'MSN'),
('oauth-msn', 'enable', '0'),
('group-1', 'listorder', '1'),
('group-1', 'reg', '0'),
('group-1', 'quote_limit', '0'),
('group-1', 'exhibit_free_limit', '-1'),
('group-1', 'exhibit_limit', '0'),
('group-1', 'group_free_limit', '-1'),
('group-1', 'group_limit', '0'),
('group-1', 'mall_free_limit', '-1'),
('group-1', 'mall_limit', '0'),
('group-1', 'buy_free_limit', '-1'),
('group-1', 'buy_limit', '0'),
('group-1', 'sell_free_limit', '-1'),
('group-1', 'sell_limit', '0'),
('group-1', 'edit_limit', '0'),
('group-1', 'refresh_limit', '0'),
('group-1', 'day_limit', '0'),
('group-1', 'add_limit', '0'),
('group-1', 'copy', '1'),
('group-1', 'delete', '1'),
('group-1', 'vcompany', '0'),
('group-1', 'vtruename', '0'),
('group-1', 'vmobile', '0'),
('group-1', 'vemail', '0'),
('group-1', 'moduleids', '16,5,6,17,7,8,21,22,13,9,10,12,14,15'),
('group-1', 'link_limit', '0'),
('group-1', 'honor_limit', '0'),
('group-1', 'page_limit', '0'),
('group-1', 'news_limit', '0'),
('group-1', 'kf', '1'),
('group-1', 'stats', '1'),
('group-1', 'map', '1'),
('group-1', 'style', '0'),
('group-1', 'main_d', '1,5'),
('group-1', 'main_c', '1,5'),
('group-1', 'home_main', '0'),
('group-1', 'side_d', '0,3,6'),
('group-1', 'side_c', '0,3,6'),
('group-1', 'home_side', '0'),
('group-1', 'menu_d', '0,6,7,11'),
('group-1', 'menu_c', '0,6,7,11'),
('group-1', 'home_menu', '0'),
('group-1', 'home', '0'),
('group-1', 'styleid', '0'),
('group-1', 'homepage', '0'),
('group-1', 'type_limit', '0'),
('group-1', 'price_limit', '0'),
('group-1', 'inquiry_limit', '0'),
('group-1', 'message_limit', '0'),
('group-1', 'express_limit', '0'),
('group-1', 'address_limit', '0'),
('group-1', 'alert_limit', '0'),
('group-1', 'favorite_limit', '0'),
('group-1', 'friend_limit', '0'),
('group-1', 'inbox_limit', '0'),
('group-1', 'chat', '1'),
('group-1', 'ad', '1'),
('group-1', 'spread', '1'),
('group-1', 'trade_sell', '1'),
('group-1', 'sendmail', '1'),
('group-1', 'sms', '1'),
('group-1', 'mail', '1'),
('group-1', 'ask', '1'),
('group-1', 'cash', '1'),
('group-1', 'question', '0'),
('group-1', 'captcha', '0'),
('group-1', 'check', '0'),
('group-1', 'uploadpt', '0'),
('group-1', 'uploadday', '0'),
('group-1', 'uploadlimit', '0'),
('group-1', 'uploadsize', '0'),
('group-1', 'uploadtype', ''),
('group-1', 'upload', '1'),
('group-1', 'editor', 'Destoon'),
('group-1', 'grade', '0'),
('group-1', 'discount', '100'),
('group-1', 'fee', '0'),
('group-1', 'fee_mode', '0'),
('group-1', 'quote_free_limit', '-1'),
('group-1', 'job_limit', '0'),
('group-1', 'job_free_limit', '-1'),
('group-1', 'resume_limit', '0'),
('group-1', 'resume_free_limit', '-1'),
('group-1', 'article_limit', '0'),
('group-1', 'article_free_limit', '-1'),
('group-1', 'info_limit', '0'),
('group-1', 'info_free_limit', '-1'),
('group-1', 'know_limit', '0'),
('group-1', 'know_free_limit', '-1'),
('group-1', 'brand_limit', '0'),
('group-1', 'brand_free_limit', '-1'),
('group-1', 'photo_limit', '0'),
('group-1', 'photo_free_limit', '-1'),
('group-1', 'video_limit', '0'),
('group-1', 'video_free_limit', '-1'),
('group-1', 'down_limit', '0'),
('group-1', 'down_free_limit', '-1'),
('group-2', 'listorder', '2'),
('group-2', 'reg', '0'),
('group-2', 'resume_free_limit', '0'),
('group-2', 'resume_limit', '-1'),
('group-2', 'job_free_limit', '0'),
('group-2', 'job_limit', '-1'),
('group-2', 'quote_free_limit', '0'),
('group-2', 'quote_limit', '-1'),
('group-2', 'exhibit_free_limit', '0'),
('group-2', 'exhibit_limit', '-1'),
('group-2', 'group_free_limit', '0'),
('group-2', 'group_limit', '-1'),
('group-2', 'mall_free_limit', '0'),
('group-2', 'mall_limit', '-1'),
('group-2', 'buy_free_limit', '0'),
('group-2', 'buy_limit', '-1'),
('group-2', 'sell_free_limit', '0'),
('group-2', 'sell_limit', '-1'),
('group-2', 'edit_limit', '-1'),
('group-2', 'refresh_limit', '-1'),
('group-2', 'day_limit', '-1'),
('group-2', 'add_limit', '-1'),
('group-2', 'copy', '0'),
('group-2', 'delete', '0'),
('group-2', 'vcompany', '0'),
('group-2', 'vtruename', '0'),
('group-2', 'vmobile', '0'),
('group-2', 'vemail', '0'),
('group-2', 'moduleids', '6'),
('group-2', 'link_limit', '-1'),
('group-2', 'honor_limit', '-1'),
('group-2', 'page_limit', '-1'),
('group-2', 'news_limit', '-1'),
('group-2', 'kf', '0'),
('group-2', 'stats', '0'),
('group-2', 'map', '0'),
('group-2', 'style', '0'),
('group-2', 'main_d', '5'),
('group-2', 'main_c', '5'),
('group-2', 'home_main', '0'),
('group-2', 'side_d', '0'),
('group-2', 'side_c', '0'),
('group-2', 'home_side', '0'),
('group-2', 'menu_d', '0'),
('group-2', 'menu_c', '0'),
('group-2', 'home_menu', '0'),
('group-2', 'home', '0'),
('group-2', 'styleid', '0'),
('group-2', 'homepage', '0'),
('group-2', 'type_limit', '-1'),
('group-2', 'price_limit', '-1'),
('group-2', 'inquiry_limit', '-1'),
('group-2', 'message_limit', '-1'),
('group-2', 'express_limit', '-1'),
('group-2', 'address_limit', '-1'),
('group-2', 'alert_limit', '-1'),
('group-2', 'favorite_limit', '-1'),
('group-2', 'friend_limit', '-1'),
('group-2', 'inbox_limit', '-1'),
('group-2', 'chat', '0'),
('group-2', 'ad', '0'),
('group-2', 'spread', '0'),
('group-2', 'trade_sell', '0'),
('group-2', 'trade_pay', '0'),
('group-2', 'sendmail', '0'),
('group-2', 'sms', '0'),
('group-2', 'mail', '0'),
('group-2', 'ask', '0'),
('group-2', 'cash', '0'),
('group-2', 'question', '1'),
('group-2', 'captcha', '1'),
('group-2', 'check', '1'),
('group-2', 'uploadpt', '1'),
('group-2', 'uploadday', '10'),
('group-2', 'uploadlimit', '2'),
('group-2', 'uploadsize', '200'),
('group-2', 'uploadtype', ''),
('group-2', 'upload', '0'),
('group-2', 'editor', 'Basic'),
('group-2', 'grade', '0'),
('group-2', 'discount', '100'),
('group-2', 'fee', '0'),
('group-2', 'fee_mode', '0'),
('group-2', 'article_limit', '-1'),
('group-2', 'article_free_limit', '0'),
('group-2', 'info_limit', '-1'),
('group-2', 'info_free_limit', '0'),
('group-2', 'know_limit', '-1'),
('group-2', 'know_free_limit', '0'),
('group-2', 'brand_limit', '-1'),
('group-2', 'brand_free_limit', '0'),
('group-2', 'photo_limit', '-1'),
('group-2', 'photo_free_limit', '0'),
('group-2', 'video_limit', '-1'),
('group-2', 'video_free_limit', '0'),
('group-2', 'down_limit', '-1'),
('group-2', 'down_free_limit', '0'),
('group-3', 'listorder', '3'),
('group-3', 'reg', '0'),
('group-3', 'know_free_limit', '0'),
('group-3', 'know_limit', '3'),
('group-3', 'info_free_limit', '0'),
('group-3', 'info_limit', '3'),
('group-3', 'article_free_limit', '0'),
('group-3', 'article_limit', '3'),
('group-3', 'resume_free_limit', '0'),
('group-3', 'resume_limit', '3'),
('group-3', 'job_free_limit', '0'),
('group-3', 'down_free_limit', '0'),
('group-3', 'down_limit', '3'),
('group-3', 'video_free_limit', '0'),
('group-3', 'video_limit', '3'),
('group-3', 'job_limit', '3'),
('group-3', 'quote_free_limit', '0'),
('group-3', 'quote_limit', '3'),
('group-3', 'exhibit_free_limit', '0'),
('group-3', 'exhibit_limit', '3'),
('group-3', 'group_free_limit', '0'),
('group-3', 'group_limit', '-1'),
('group-3', 'mall_free_limit', '0'),
('group-3', 'mall_limit', '-1'),
('group-3', 'buy_free_limit', '0'),
('group-3', 'buy_limit', '3'),
('group-3', 'sell_free_limit', '0'),
('group-3', 'photo_free_limit', '0'),
('group-3', 'photo_limit', '3'),
('group-3', 'brand_free_limit', '0'),
('group-3', 'brand_limit', '3'),
('group-3', 'sell_limit', '3'),
('group-3', 'edit_limit', '-1'),
('group-3', 'refresh_limit', '-1'),
('group-3', 'day_limit', '3'),
('group-3', 'add_limit', '30'),
('group-3', 'copy', '0'),
('group-3', 'delete', '0'),
('group-3', 'vcompany', '0'),
('group-3', 'vtruename', '0'),
('group-3', 'vmobile', '0'),
('group-3', 'vemail', '0'),
('group-3', 'moduleids', '5,6,8,22,9,-9'),
('group-3', 'link_limit', '-1'),
('group-3', 'honor_limit', '-1'),
('group-3', 'page_limit', '-1'),
('group-3', 'news_limit', '-1'),
('group-3', 'kf', '0'),
('group-3', 'stats', '0'),
('group-3', 'map', '0'),
('group-3', 'style', '0'),
('group-3', 'main_d', '5'),
('group-3', 'main_c', '5'),
('group-3', 'home_main', '0'),
('group-3', 'side_d', '0'),
('group-3', 'side_c', '0'),
('group-3', 'menu_d', '0'),
('group-3', 'home_side', '0'),
('group-3', 'menu_c', '0'),
('group-3', 'home_menu', '0'),
('group-3', 'home', '0'),
('group-3', 'styleid', '0'),
('group-3', 'homepage', '0'),
('group-3', 'type_limit', '-1'),
('group-3', 'price_limit', '10'),
('group-3', 'inquiry_limit', '30'),
('group-3', 'message_limit', '30'),
('group-3', 'express_limit', '-1'),
('group-3', 'address_limit', '-1'),
('group-3', 'alert_limit', '-1'),
('group-3', 'favorite_limit', '-1'),
('group-3', 'friend_limit', '-1'),
('group-3', 'inbox_limit', '-1'),
('group-3', 'chat', '1'),
('group-3', 'ad', '0'),
('group-3', 'spread', '0'),
('group-3', 'trade_sell', '0'),
('group-3', 'trade_pay', '0'),
('group-3', 'sendmail', '0'),
('group-3', 'sms', '0'),
('group-3', 'mail', '0'),
('group-3', 'ask', '0'),
('group-3', 'cash', '0'),
('group-3', 'question', '1'),
('group-3', 'captcha', '1'),
('group-3', 'check', '1'),
('group-3', 'uploadpt', '1'),
('group-3', 'uploadday', '10'),
('group-3', 'uploadlimit', '5'),
('group-3', 'uploadsize', '500'),
('group-3', 'uploadtype', ''),
('group-3', 'upload', '0'),
('group-3', 'editor', 'Basic'),
('group-3', 'grade', '0'),
('group-3', 'discount', '100'),
('group-3', 'fee', '0'),
('group-3', 'fee_mode', '0'),
('group-4', 'listorder', '4'),
('group-4', 'reg', '0'),
('group-4', 'article_free_limit', '0'),
('group-4', 'article_limit', '-1'),
('group-4', 'resume_free_limit', '0'),
('group-4', 'resume_limit', '-1'),
('group-4', 'job_free_limit', '0'),
('group-4', 'job_limit', '-1'),
('group-4', 'quote_free_limit', '0'),
('group-4', 'quote_limit', '-1'),
('group-4', 'exhibit_free_limit', '0'),
('group-4', 'exhibit_limit', '-1'),
('group-4', 'group_free_limit', '0'),
('group-4', 'group_limit', '-1'),
('group-4', 'mall_free_limit', '0'),
('group-4', 'mall_limit', '-1'),
('group-4', 'buy_free_limit', '0'),
('group-4', 'buy_limit', '-1'),
('group-4', 'sell_free_limit', '0'),
('group-4', 'sell_limit', '-1'),
('group-4', 'edit_limit', '-1'),
('group-4', 'refresh_limit', '-1'),
('group-4', 'day_limit', '-1'),
('group-4', 'add_limit', '-1'),
('group-4', 'copy', '0'),
('group-4', 'delete', '0'),
('group-4', 'vcompany', '0'),
('group-4', 'vtruename', '0'),
('group-4', 'vmobile', '0'),
('group-4', 'vemail', '0'),
('group-4', 'moduleids', '6'),
('group-4', 'link_limit', '-1'),
('group-4', 'honor_limit', '-1'),
('group-4', 'page_limit', '-1'),
('group-4', 'news_limit', '-1'),
('group-4', 'kf', '0'),
('group-4', 'stats', '0'),
('group-4', 'map', '0'),
('group-4', 'style', '0'),
('group-4', 'main_d', '5'),
('group-4', 'main_c', '5'),
('group-4', 'home_main', '0'),
('group-4', 'side_d', '0'),
('group-4', 'side_c', '0'),
('group-4', 'home_side', '0'),
('group-4', 'menu_d', '0'),
('group-4', 'menu_c', '0'),
('group-4', 'home_menu', '0'),
('group-4', 'home', '0'),
('group-4', 'styleid', '0'),
('group-4', 'homepage', '0'),
('group-4', 'type_limit', '-1'),
('group-4', 'price_limit', '-1'),
('group-4', 'inquiry_limit', '-1'),
('group-4', 'message_limit', '-1'),
('group-4', 'express_limit', '-1'),
('group-4', 'address_limit', '-1'),
('group-4', 'alert_limit', '-1'),
('group-4', 'favorite_limit', '-1'),
('group-4', 'friend_limit', '-1'),
('group-4', 'inbox_limit', '-1'),
('group-4', 'chat', '1'),
('group-4', 'ad', '0'),
('group-4', 'spread', '0'),
('group-4', 'trade_sell', '0'),
('group-4', 'trade_pay', '0'),
('group-4', 'sendmail', '0'),
('group-4', 'sms', '0'),
('group-4', 'mail', '0'),
('group-4', 'ask', '0'),
('group-4', 'cash', '0'),
('group-4', 'question', '1'),
('group-4', 'captcha', '1'),
('group-4', 'check', '1'),
('group-4', 'uploadpt', '1'),
('group-4', 'uploadday', '10'),
('group-4', 'uploadlimit', '5'),
('group-4', 'uploadsize', '500'),
('group-4', 'uploadtype', ''),
('group-4', 'upload', '0'),
('group-4', 'editor', 'Basic'),
('group-4', 'grade', '0'),
('group-4', 'discount', '100'),
('group-4', 'fee', '0'),
('group-4', 'fee_mode', '0'),
('group-4', 'info_limit', '-1'),
('group-4', 'info_free_limit', '0'),
('group-4', 'know_limit', '-1'),
('group-4', 'know_free_limit', '0'),
('group-4', 'brand_limit', '-1'),
('group-4', 'brand_free_limit', '0'),
('group-4', 'photo_limit', '-1'),
('group-4', 'photo_free_limit', '0'),
('group-4', 'video_limit', '-1'),
('group-4', 'video_free_limit', '0'),
('group-4', 'down_limit', '-1'),
('group-4', 'down_free_limit', '0'),
('group-5', 'listorder', '5'),
('group-5', 'reg', '1'),
('group-5', 'exhibit_free_limit', '0'),
('group-5', 'exhibit_limit', '3'),
('group-5', 'group_free_limit', '0'),
('group-5', 'group_limit', '-1'),
('group-5', 'mall_free_limit', '0'),
('group-5', 'mall_limit', '-1'),
('group-5', 'buy_free_limit', '0'),
('group-5', 'buy_limit', '3'),
('group-5', 'sell_free_limit', '0'),
('group-5', 'sell_limit', '3'),
('group-5', 'edit_limit', '3'),
('group-5', 'refresh_limit', '600'),
('group-5', 'day_limit', '3'),
('group-5', 'add_limit', '30'),
('group-5', 'copy', '1'),
('group-5', 'delete', '1'),
('group-5', 'vcompany', '0'),
('group-5', 'vtruename', '0'),
('group-5', 'vmobile', '0'),
('group-5', 'vemail', '0'),
('group-5', 'moduleids', '5,6,-9,10,12'),
('group-5', 'link_limit', '-1'),
('group-5', 'honor_limit', '-1'),
('group-5', 'page_limit', '-1'),
('group-5', 'news_limit', '-1'),
('group-5', 'kf', '0'),
('group-5', 'stats', '0'),
('group-5', 'map', '0'),
('group-5', 'style', '0'),
('group-5', 'main_d', '5'),
('group-5', 'main_c', '5'),
('group-5', 'home_main', '0'),
('group-5', 'side_d', '0'),
('group-5', 'side_c', '0'),
('group-5', 'home_side', '0'),
('group-5', 'menu_d', '0'),
('group-5', 'menu_c', '0'),
('group-5', 'home_menu', '0'),
('group-5', 'home', '0'),
('group-5', 'styleid', '0'),
('group-5', 'homepage', '0'),
('group-5', 'type_limit', '10'),
('group-5', 'price_limit', '-1'),
('group-5', 'inquiry_limit', '3'),
('group-5', 'message_limit', '10'),
('group-5', 'express_limit', '-1'),
('group-5', 'address_limit', '10'),
('group-5', 'alert_limit', '3'),
('group-5', 'favorite_limit', '20'),
('group-5', 'friend_limit', '10'),
('group-5', 'inbox_limit', '20'),
('group-5', 'chat', '1'),
('group-5', 'ad', '1'),
('group-5', 'spread', '0'),
('group-5', 'trade_sell', '0'),
('group-5', 'trade_pay', '0'),
('group-5', 'sendmail', '1'),
('group-5', 'sms', '1'),
('group-5', 'mail', '1'),
('group-5', 'ask', '0'),
('group-5', 'cash', '0'),
('group-5', 'question', '1'),
('group-5', 'captcha', '1'),
('group-5', 'check', '1'),
('group-5', 'uploadpt', '1'),
('group-5', 'uploadday', '20'),
('group-5', 'uploadlimit', '5'),
('group-5', 'uploadsize', ''),
('group-5', 'uploadtype', ''),
('group-5', 'upload', '1'),
('group-5', 'editor', 'Simple'),
('group-5', 'grade', '1'),
('group-5', 'discount', '100'),
('group-5', 'fee', '0'),
('group-5', 'fee_mode', '0'),
('group-5', 'quote_limit', '3'),
('group-5', 'quote_free_limit', '0'),
('group-5', 'job_limit', '3'),
('group-5', 'job_free_limit', '0'),
('group-5', 'resume_limit', '3'),
('group-5', 'resume_free_limit', '0'),
('group-5', 'article_limit', '3'),
('group-5', 'article_free_limit', '0'),
('group-5', 'info_limit', '3'),
('group-5', 'info_free_limit', '0'),
('group-5', 'know_limit', '0'),
('group-5', 'know_free_limit', '0'),
('group-5', 'brand_limit', '3'),
('group-5', 'brand_free_limit', '0'),
('group-5', 'photo_limit', '3'),
('group-5', 'photo_free_limit', '0'),
('group-5', 'video_limit', '3'),
('group-5', 'video_free_limit', '0'),
('group-5', 'down_limit', '3'),
('group-5', 'down_free_limit', '0'),
('group-6', 'listorder', '6'),
('group-6', 'reg', '0'),
('group-6', 'resume_limit', '5'),
('group-6', 'job_free_limit', '1'),
('group-6', 'job_limit', '5'),
('group-6', 'quote_free_limit', '1'),
('group-6', 'quote_limit', '5'),
('group-6', 'exhibit_free_limit', '1'),
('group-6', 'exhibit_limit', '5'),
('group-6', 'group_free_limit', '1'),
('group-6', 'group_limit', '5'),
('group-6', 'mall_free_limit', '1'),
('group-6', 'mall_limit', '5'),
('group-6', 'buy_free_limit', '1'),
('group-6', 'buy_limit', '5'),
('group-6', 'sell_free_limit', '1'),
('group-6', 'sell_limit', '5'),
('group-6', 'edit_limit', '0'),
('group-6', 'refresh_limit', '600'),
('group-6', 'day_limit', '5'),
('group-6', 'add_limit', '60'),
('group-6', 'copy', '1'),
('group-6', 'delete', '1'),
('group-6', 'vcompany', '0'),
('group-6', 'vtruename', '0'),
('group-6', 'vmobile', '0'),
('group-6', 'vemail', '0'),
('group-6', 'moduleids', '16,5,6,17,7,8,22,13,9,10,12'),
('group-6', 'link_limit', '20'),
('group-6', 'honor_limit', '10'),
('group-6', 'page_limit', '5'),
('group-6', 'news_limit', '20'),
('group-6', 'kf', '0'),
('group-6', 'stats', '0'),
('group-6', 'map', '1'),
('group-6', 'style', '0'),
('group-6', 'main_d', '0,1,2'),
('group-6', 'main_c', '0,1,2,3,4,5,6'),
('group-6', 'home_main', '0'),
('group-6', 'side_d', '0,2,4,6'),
('group-6', 'side_c', '0,1,2,3,4,5,6'),
('group-6', 'home_side', '0'),
('group-6', 'menu_d', '0,1,2,3,4,6,7'),
('group-6', 'menu_c', '0,1,2,3,4,5,6,7,8,9,10,11'),
('group-6', 'home_menu', '0'),
('group-6', 'home', '0'),
('group-6', 'styleid', '0'),
('group-6', 'homepage', '1'),
('group-6', 'type_limit', '10'),
('group-6', 'price_limit', '3'),
('group-6', 'inquiry_limit', '10'),
('group-6', 'message_limit', '20'),
('group-6', 'express_limit', '5'),
('group-6', 'address_limit', '10'),
('group-6', 'alert_limit', '5'),
('group-6', 'favorite_limit', '50'),
('group-6', 'friend_limit', '50'),
('group-6', 'inbox_limit', '50'),
('group-6', 'chat', '1'),
('group-6', 'ad', '1'),
('group-6', 'spread', '0'),
('group-6', 'trade_sell', '1'),
('group-6', 'sendmail', '1'),
('group-6', 'sms', '1'),
('group-6', 'mail', '1'),
('group-6', 'ask', '1'),
('group-6', 'cash', '0'),
('group-6', 'question', '1'),
('group-6', 'captcha', '1'),
('group-6', 'check', '1'),
('group-6', 'uploadpt', '0'),
('group-6', 'uploadday', '50'),
('group-6', 'uploadlimit', '5'),
('group-6', 'uploadsize', ''),
('group-6', 'uploadtype', ''),
('group-6', 'upload', '1'),
('group-6', 'editor', 'Destoon'),
('group-6', 'grade', '1'),
('group-6', 'discount', '100'),
('group-6', 'fee', '0'),
('group-6', 'fee_mode', '0'),
('group-6', 'resume_free_limit', '1'),
('group-6', 'article_limit', '5'),
('group-6', 'article_free_limit', '1'),
('group-6', 'info_limit', '5'),
('group-6', 'info_free_limit', '1'),
('group-6', 'know_limit', '0'),
('group-6', 'know_free_limit', '1'),
('group-6', 'brand_limit', '5'),
('group-6', 'brand_free_limit', '1'),
('group-6', 'photo_limit', '5'),
('group-6', 'photo_free_limit', '1'),
('group-6', 'video_limit', '5'),
('group-6', 'video_free_limit', '1'),
('group-6', 'down_limit', '5'),
('group-6', 'down_free_limit', '1'),
('group-7', 'listorder', '7'),
('group-7', 'reg', '0'),
('group-7', 'article_limit', '0'),
('group-7', 'resume_free_limit', '0'),
('group-7', 'resume_limit', '0'),
('group-7', 'job_free_limit', '0'),
('group-7', 'job_limit', '0'),
('group-7', 'quote_free_limit', '0'),
('group-7', 'quote_limit', '0'),
('group-7', 'exhibit_free_limit', '0'),
('group-7', 'exhibit_limit', '0'),
('group-7', 'group_free_limit', '0'),
('group-7', 'group_limit', '0'),
('group-7', 'mall_free_limit', '0'),
('group-7', 'mall_limit', '0'),
('group-7', 'buy_free_limit', '0'),
('group-7', 'buy_limit', '0'),
('group-7', 'sell_free_limit', '0'),
('group-7', 'sell_limit', '0'),
('group-7', 'edit_limit', '0'),
('group-7', 'refresh_limit', '60'),
('group-7', 'day_limit', '10'),
('group-7', 'add_limit', '0'),
('group-7', 'copy', '1'),
('group-7', 'delete', '1'),
('group-7', 'vcompany', '0'),
('group-7', 'vtruename', '0'),
('group-7', 'vmobile', '0'),
('group-7', 'vemail', '1'),
('group-7', 'moduleids', '16,5,6,17,7,8,21,22,13,9,-9,10,12,14,15'),
('group-7', 'link_limit', '0'),
('group-7', 'honor_limit', '0'),
('group-7', 'page_limit', '5'),
('group-7', 'news_limit', '0'),
('group-7', 'kf', '1'),
('group-7', 'stats', '1'),
('group-7', 'map', '1'),
('group-7', 'style', '1'),
('group-7', 'main_d', '0,1,2,7'),
('group-7', 'main_c', '0,1,2,4,5,6,7'),
('group-7', 'home_main', '1'),
('group-7', 'side_d', '0,1,2,4,6'),
('group-7', 'side_c', '0,1,2,3,4,5,6'),
('group-7', 'home_side', '1'),
('group-7', 'menu_d', '0,1,2,3,4,5,6,7,8,9,10,11,12,13'),
('group-7', 'menu_c', '0,1,2,3,4,5,6,7,8,9,10,11,12,13'),
('group-7', 'home_menu', '1'),
('group-7', 'home', '1'),
('group-7', 'styleid', '2'),
('group-7', 'homepage', '1'),
('group-7', 'type_limit', '20'),
('group-7', 'price_limit', '20'),
('group-7', 'inquiry_limit', '50'),
('group-7', 'message_limit', '100'),
('group-7', 'express_limit', '10'),
('group-7', 'address_limit', '10'),
('group-7', 'alert_limit', '10'),
('group-7', 'favorite_limit', '100'),
('group-7', 'friend_limit', '200'),
('group-7', 'inbox_limit', '500'),
('group-7', 'chat', '1'),
('group-7', 'ad', '1'),
('group-7', 'spread', '1'),
('group-7', 'trade_sell', '1'),
('group-7', 'sendmail', '1'),
('group-7', 'sms', '1'),
('group-7', 'mail', '1'),
('group-7', 'ask', '1'),
('group-7', 'cash', '1'),
('group-7', 'question', '0'),
('group-7', 'captcha', '0'),
('group-7', 'check', '0'),
('group-7', 'uploadpt', '0'),
('group-7', 'uploadday', '100'),
('group-7', 'uploadlimit', '10'),
('group-7', 'uploadsize', ''),
('group-7', 'uploadtype', ''),
('group-7', 'upload', '1'),
('group-7', 'editor', 'Destoon'),
('group-7', 'grade', '1'),
('group-7', 'discount', ''),
('group-7', 'fee', '2000'),
('group-7', 'fee_mode', '1'),
('group-7', 'article_free_limit', '0'),
('group-7', 'info_limit', '0'),
('group-7', 'info_free_limit', '0'),
('group-7', 'know_limit', '0'),
('group-7', 'know_free_limit', '0'),
('group-7', 'brand_limit', '0'),
('group-7', 'brand_free_limit', '0'),
('group-7', 'photo_limit', '0'),
('group-7', 'photo_free_limit', '0'),
('group-7', 'video_limit', '0'),
('group-7', 'video_free_limit', '0'),
('group-7', 'down_limit', '0'),
('group-7', 'down_free_limit', '0'),
('destoon', 'backtime', '1401435235'),
('21', 'fields', 'itemid,title,thumb,linkurl,style,catid,introduce,addtime,edittime,username,islink'),
('21', 'order', 'addtime desc'),
('21', 'editor', 'Default'),
('21', 'introduce_length', '120'),
('21', 'thumb_height', '90'),
('21', 'thumb_width', '120'),
('21', 'template_my', ''),
('21', 'template_search', ''),
('21', 'template_show', ''),
('21', 'template_list', ''),
('21', 'template_index', ''),
('21', 'credit_add', '2'),
('21', 'credit_del', '5'),
('21', 'credit_color', '100'),
('oauth-netease', 'id', ''),
('oauth-netease', 'key', ''),
('2', 'send_types', '不需要物流|平邮|EMS|顺丰快递|申通E物流|圆通速递|中通速递|宅急送|韵达快运|天天快递|联邦快递|汇通快运|华强物流|其它'),
('2', 'credit_less', '0'),
('2', 'credit_edit', '10'),
('2', 'credit_login', '1'),
('2', 'credit_user', '20'),
('2', 'credit_ip', '2'),
('2', 'credit_maxip', '50'),
('2', 'credit_charge', '1'),
('2', 'credit_add_credit', '2'),
('2', 'credit_del_credit', '5'),
('2', 'credit_add_news', '2'),
('2', 'credit_del_news', '5'),
('2', 'credit_add_page', '2'),
('2', 'credit_del_page', '5'),
('2', 'credit_buy', '30|100|500|1000'),
('2', 'credit_price', '5|10|45|85'),
('2', 'credit_exchange', '0'),
('2', 'ex_type', 'PW'),
('2', 'ex_host', 'localhost'),
('2', 'ex_user', 'root'),
('2', 'ex_pass', ''),
('2', 'ex_data', ''),
('2', 'ex_prex', ''),
('2', 'ex_fdnm', ''),
('2', 'ex_rate', ''),
('2', 'ex_name', ''),
('2', 'passport', '0'),
('2', 'passport_charset', 'gbk'),
('2', 'passport_url', ''),
('2', 'passport_key', ''),
('2', 'uc_api', ''),
('2', 'uc_ip', ''),
('2', 'uc_mysql', '1'),
('2', 'uc_dbhost', 'localhost'),
('2', 'uc_dbuser', ''),
('2', 'uc_dbpwd', ''),
('2', 'uc_dbname', ''),
('2', 'uc_dbpre', ''),
('2', 'uc_charset', 'utf8'),
('2', 'uc_appid', ''),
('2', 'uc_key', ''),
('2', 'uc_bbs', '1'),
('2', 'uc_bbspre', ''),
('2', 'oauth', '1'),
('1', 'thumb_album', '1'),
('1', 'thumb_title', '0'),
('1', 'max_image', '800'),
('1', 'mail_type', 'close'),
('1', 'mail_delimiter', '1'),
('1', 'smtp_host', ''),
('1', 'smtp_port', '25'),
('1', 'smtp_auth', '1'),
('1', 'smtp_user', ''),
('1', 'smtp_pass', ''),
('1', 'mail_sign', ''),
('1', 'mail_sender', ''),
('1', 'mail_name', ''),
('1', 'mail_log', '1'),
('1', 'message_email', '0'),
('1', 'message_group', '6,7'),
('1', 'message_time', '60'),
('1', 'message_type', '1,2,3'),
('1', 'page_bigcat', ''),
('1', 'page_catalog', '1'),
('1', 'page_trade', '10'),
('1', 'page_com', '20'),
('1', 'page_sell', '10'),
('1', 'page_mall', '10'),
('1', 'page_quote', '5'),
('1', 'page_price', '12'),
('1', 'page_group', '3'),
('1', 'page_rank', '5'),
('1', 'page_special', '1'),
('1', 'page_comnews', '5'),
('1', 'page_newsh', '1'),
('1', 'page_news', '5'),
('1', 'page_photo', '6'),
('1', 'page_video', '3'),
('1', 'page_know', '6'),
('1', 'page_exhibit', '6'),
('1', 'page_brand', '4'),
('1', 'page_job', '5'),
('1', 'page_down', '5'),
('1', 'page_logo', '18'),
('1', 'page_text', '18'),
('1', 'admin_week', ''),
('1', 'check_week', '');

-- --------------------------------------------------------

--
-- 表的结构 `vg_special`
--

CREATE TABLE IF NOT EXISTS `vg_special` (
  `itemid` bigint(20) unsigned NOT NULL AUTO_INCREMENT,
  `catid` int(10) unsigned NOT NULL DEFAULT '0',
  `areaid` int(10) unsigned NOT NULL DEFAULT '0',
  `level` tinyint(1) unsigned NOT NULL DEFAULT '0',
  `title` varchar(100) NOT NULL DEFAULT '',
  `style` varchar(50) NOT NULL DEFAULT '',
  `introduce` varchar(255) NOT NULL DEFAULT '',
  `tag` varchar(100) NOT NULL DEFAULT '',
  `keyword` varchar(255) NOT NULL DEFAULT '',
  `pptword` varchar(255) NOT NULL DEFAULT '',
  `items` int(10) unsigned NOT NULL DEFAULT '0',
  `hits` int(10) unsigned NOT NULL DEFAULT '0',
  `thumb` varchar(255) NOT NULL DEFAULT '',
  `banner` varchar(255) NOT NULL DEFAULT '',
  `cfg_photo` smallint(4) unsigned NOT NULL DEFAULT '0',
  `cfg_video` smallint(4) unsigned NOT NULL DEFAULT '0',
  `cfg_type` smallint(4) unsigned NOT NULL DEFAULT '0',
  `seo_title` varchar(255) NOT NULL DEFAULT '',
  `seo_keywords` varchar(255) NOT NULL DEFAULT '',
  `seo_description` varchar(255) NOT NULL DEFAULT '',
  `username` varchar(30) NOT NULL DEFAULT '',
  `addtime` int(10) unsigned NOT NULL DEFAULT '0',
  `editor` varchar(30) NOT NULL DEFAULT '',
  `edittime` int(10) unsigned NOT NULL DEFAULT '0',
  `ip` varchar(50) NOT NULL DEFAULT '',
  `template` varchar(30) NOT NULL DEFAULT '0',
  `status` tinyint(1) NOT NULL DEFAULT '0',
  `islink` tinyint(1) unsigned NOT NULL DEFAULT '0',
  `linkurl` varchar(255) NOT NULL DEFAULT '',
  `filepath` varchar(255) NOT NULL DEFAULT '',
  `domain` varchar(255) NOT NULL DEFAULT '',
  `note` varchar(255) NOT NULL DEFAULT '',
  PRIMARY KEY (`itemid`),
  KEY `addtime` (`addtime`),
  KEY `catid` (`catid`)
) ENGINE=MyISAM  DEFAULT CHARSET=utf8 COMMENT='专题' AUTO_INCREMENT=2 ;

--
-- 导出表中的数据 `vg_special`
--

INSERT INTO `vg_special` (`itemid`, `catid`, `areaid`, `level`, `title`, `style`, `introduce`, `tag`, `keyword`, `pptword`, `items`, `hits`, `thumb`, `banner`, `cfg_photo`, `cfg_video`, `cfg_type`, `seo_title`, `seo_keywords`, `seo_description`, `username`, `addtime`, `editor`, `edittime`, `ip`, `template`, `status`, `islink`, `linkurl`, `filepath`, `domain`, `note`) VALUES
(1, 5, 0, 0, 'test', '', 'hehe', '', 'test,ff', '', 1, 6, 'http://www.d.com/file/upload/201410/10/13-34-56-72-1.jpg', '', 6, 0, 10, '', '', '', 'destoon', 1412919283, 'destoon', 1412919310, '127.0.0.1', '', 3, 0, 'show.php?itemid=1', '', '', '');

-- --------------------------------------------------------

--
-- 表的结构 `vg_special_data`
--

CREATE TABLE IF NOT EXISTS `vg_special_data` (
  `itemid` bigint(20) unsigned NOT NULL DEFAULT '0',
  `content` longtext NOT NULL,
  PRIMARY KEY (`itemid`)
) ENGINE=MyISAM DEFAULT CHARSET=utf8 COMMENT='专题内容';

--
-- 导出表中的数据 `vg_special_data`
--

INSERT INTO `vg_special_data` (`itemid`, `content`) VALUES
(1, 'hehe<br type="_moz" />');

-- --------------------------------------------------------

--
-- 表的结构 `vg_special_item`
--

CREATE TABLE IF NOT EXISTS `vg_special_item` (
  `itemid` bigint(20) unsigned NOT NULL AUTO_INCREMENT,
  `specialid` bigint(20) unsigned NOT NULL DEFAULT '0',
  `typeid` bigint(20) unsigned NOT NULL DEFAULT '0',
  `level` tinyint(1) unsigned NOT NULL DEFAULT '0',
  `title` varchar(100) NOT NULL DEFAULT '',
  `style` varchar(50) NOT NULL DEFAULT '',
  `introduce` varchar(255) NOT NULL DEFAULT '',
  `thumb` varchar(255) NOT NULL DEFAULT '',
  `username` varchar(30) NOT NULL DEFAULT '',
  `addtime` int(10) unsigned NOT NULL DEFAULT '0',
  `editor` varchar(30) NOT NULL DEFAULT '',
  `edittime` int(10) unsigned NOT NULL DEFAULT '0',
  `ip` varchar(50) NOT NULL DEFAULT '',
  `linkurl` varchar(255) NOT NULL DEFAULT '',
  `note` varchar(255) NOT NULL DEFAULT '',
  PRIMARY KEY (`itemid`),
  KEY `addtime` (`addtime`),
  KEY `specialid` (`specialid`)
) ENGINE=MyISAM  DEFAULT CHARSET=utf8 COMMENT='专题信息' AUTO_INCREMENT=2 ;

--
-- 导出表中的数据 `vg_special_item`
--

INSERT INTO `vg_special_item` (`itemid`, `specialid`, `typeid`, `level`, `title`, `style`, `introduce`, `thumb`, `username`, `addtime`, `editor`, `edittime`, `ip`, `linkurl`, `note`) VALUES
(1, 1, 0, 2, '真坏', '', 'rtyeterterterte', 'http://www.d.com/file/upload/201410/10/13-42-22-17-1.jpg', 'destoon', 1412919636, 'destoon', 1412919743, '127.0.0.1', 'http://www.d.com/news/show.php?itemid=1', '');

-- --------------------------------------------------------

--
-- 表的结构 `vg_tests`
--

CREATE TABLE IF NOT EXISTS `vg_tests` (
  `id` int(11) NOT NULL AUTO_INCREMENT,
  `cid` int(11) NOT NULL DEFAULT '0',
  `test` varchar(60) NOT NULL DEFAULT '',
  PRIMARY KEY (`id`)
) ENGINE=MyISAM  DEFAULT CHARSET=utf8 AUTO_INCREMENT=5 ;

--
-- 导出表中的数据 `vg_tests`
--

INSERT INTO `vg_tests` (`id`, `cid`, `test`) VALUES
(1, 1, 'php data'),
(2, 1, 'php data'),
(3, 2, 'jsp data'),
(4, 3, 'asp data');

-- --------------------------------------------------------

--
-- 表的结构 `vg_upload`
--

CREATE TABLE IF NOT EXISTS `vg_upload` (
  `pid` int(10) unsigned NOT NULL AUTO_INCREMENT,
  `item` varchar(32) NOT NULL DEFAULT '',
  `moduleid` smallint(6) unsigned NOT NULL DEFAULT '0',
  `itemid` bigint(20) unsigned NOT NULL DEFAULT '0',
  `fileurl` varchar(255) NOT NULL DEFAULT '',
  `filesize` int(10) unsigned NOT NULL DEFAULT '0',
  `fileext` varchar(10) NOT NULL DEFAULT '',
  `upfrom` varchar(10) NOT NULL DEFAULT '',
  `width` int(10) unsigned NOT NULL DEFAULT '0',
  `height` int(10) unsigned NOT NULL DEFAULT '0',
  `addtime` int(10) unsigned NOT NULL DEFAULT '0',
  `username` varchar(30) NOT NULL DEFAULT '',
  `ip` varchar(50) NOT NULL DEFAULT '',
  PRIMARY KEY (`pid`),
  KEY `item` (`item`)
) ENGINE=MyISAM DEFAULT CHARSET=utf8 COMMENT='上传记录0' AUTO_INCREMENT=1 ;

--
-- 导出表中的数据 `vg_upload`
--


-- --------------------------------------------------------

--
-- 表的结构 `vg_users`
--

CREATE TABLE IF NOT EXISTS `vg_users` (
  `id` int(11) NOT NULL AUTO_INCREMENT,
  `name` varchar(30) NOT NULL DEFAULT '',
  `age` int(11) NOT NULL DEFAULT '0',
  `sex` char(4) NOT NULL DEFAULT '男',
  `ptime` int(11) NOT NULL DEFAULT '0',
  `email` varchar(60) NOT NULL DEFAULT '',
  PRIMARY KEY (`id`)
) ENGINE=MyISAM  DEFAULT CHARSET=utf8 AUTO_INCREMENT=5 ;

--
-- 导出表中的数据 `vg_users`
--

INSERT INTO `vg_users` (`id`, `name`, `age`, `sex`, `ptime`, `email`) VALUES
(1, 'admin', 22, '男', 0, 'gaolf@php.net'),
(2, 'admin', 22, '男', 0, 'gaolf@php.net'),
(3, 'admin', 22, '男', 0, '123'),
(4, 'admin', 22, '男', 0, '123');

-- --------------------------------------------------------

--
-- 表的结构 `vg_webpage`
--

CREATE TABLE IF NOT EXISTS `vg_webpage` (
  `itemid` int(10) unsigned NOT NULL AUTO_INCREMENT,
  `item` varchar(30) NOT NULL DEFAULT '',
  `areaid` int(10) unsigned NOT NULL DEFAULT '0',
  `level` tinyint(1) unsigned NOT NULL DEFAULT '0',
  `title` varchar(100) NOT NULL DEFAULT '',
  `style` varchar(50) NOT NULL DEFAULT '',
  `content` mediumtext NOT NULL,
  `seo_title` varchar(255) NOT NULL DEFAULT '',
  `seo_keywords` varchar(255) NOT NULL DEFAULT '',
  `seo_description` varchar(255) NOT NULL DEFAULT '',
  `editor` varchar(30) NOT NULL DEFAULT '',
  `edittime` int(10) unsigned NOT NULL DEFAULT '0',
  `listorder` smallint(4) NOT NULL DEFAULT '0',
  `hits` int(10) unsigned NOT NULL DEFAULT '0',
  `islink` tinyint(1) unsigned NOT NULL DEFAULT '0',
  `linkurl` varchar(255) NOT NULL DEFAULT '',
  `domain` varchar(255) NOT NULL DEFAULT '',
  `template` varchar(30) NOT NULL DEFAULT '',
  PRIMARY KEY (`itemid`)
) ENGINE=MyISAM  DEFAULT CHARSET=utf8 COMMENT='单网页' AUTO_INCREMENT=6 ;

--
-- 导出表中的数据 `vg_webpage`
--

INSERT INTO `vg_webpage` (`itemid`, `item`, `areaid`, `level`, `title`, `style`, `content`, `seo_title`, `seo_keywords`, `seo_description`, `editor`, `edittime`, `listorder`, `hits`, `islink`, `linkurl`, `domain`, `template`) VALUES
(1, '1', 0, 0, '关于我们', '', '关于我们', '', '', '', 'destoon', 1319006891, 5, 1, 0, 'about/index.html', '', ''),
(3, '1', 0, 0, '联系方式', '', '联系方式', '', '', '', 'destoon', 1310696453, 4, 0, 0, 'about/contact.html', '', ''),
(4, '1', 0, 0, '使用协议', '', '使用协议', '', '', '', 'destoon', 1310696460, 3, 0, 0, 'about/agreement.html', '', ''),
(5, '1', 0, 0, '版权隐私', '', '版权隐私', '', '', '', 'destoon', 1310696468, 2, 0, 0, 'about/copyright.html', '', '');
